country,founded,id,industry,linkedin_url,locality,name,region,size,website
canada,2012,Bb3iVU9rpMLyt8iWyJ8fxAXtfUWT,construction,linkedin.com/company/jap-gobind-transport-ltd,bolton,jap gobind transport ltd.,ontario,51-200,japgobindtransport.ca
canada,,ytm1BcNH3alldbYhBYlCkAjCFa2b,construction,linkedin.com/company/ziai-&-associates,toronto,ziai & associates,ontario,1-10,
canada,2009,c0HY8WoCETfwzKXZRGljWwAXWval,construction,linkedin.com/company/tca-electric,north vancouver,tca electric,british columbia,11-50,tcaelectric.ca
canada,,0GAqwW2fKW9mTBOBmCLqAALMv0VK,construction,linkedin.com/company/larey-homes,campbellville,larey homes,ontario,1-10,lareyhomes.com
canada,2017,KOCCjy4Cg7EB9hIAUrPXAAeykNGB,construction,linkedin.com/company/bns-construction-canada,toronto,bns construction (canada),ontario,1-10,bnsconstruction.ca
canada,2009,GfswY0nOVb2eKi4X6Yb8qwZDfyzD,construction,linkedin.com/company/elliott-&-associates-wood-flooring-inspections,,elliott & associates wood flooring consultants,,1-10,ca.linkedin.com/in/elliottassoc
canada,2013,LA3vS4PlOS1s5x6N4OSB6wPKujg6,construction,linkedin.com/company/rigware-solutions,calgary,rigware solutions,alberta,1-10,rigware.com
canada,2015,ul4Kl6ByOgiPykPZDSo6TQYw7aJt,construction,linkedin.com/company/pur-climat-controles,terrebonne,pur climat contrôles inc.,quebec,11-50,purclimatcontroles.com
canada,,xXDvB8AtxKPtLPVFQETxZwlQU3p4,construction,linkedin.com/company/cana-construction-ltd-,calgary,cana construction ltd.,alberta,51-200,
canada,1992,4qcqAwldRiNZfi0LyeX8qANSFKP7,construction,linkedin.com/company/d-m-roofing-construction-services-inc,joyceville,d.m. roofing & construction services inc.,ontario,11-50,dmroofing.ca
canada,1920,tHMkEHnYKWRLRwPCWFjRqgIkcDAJ,construction,linkedin.com/company/graham-brothers-construction-group,edmonton,graham brothers construction group ltd.,alberta,51-200,grahambrothers.ca
canada,1998,5eLHJINZXybWk5BGzvr0ywflvvUE,construction,linkedin.com/company/js-construction-ltd,niagara-on-the-lake,j&s construction ltd,ontario,1-10,js-construction.ca
canada,1971,5gNTEW27aKUZJcQB2dNtMw5dhzpg,construction,linkedin.com/company/metroglassproductsltd,calgary,metro glass products ltd,alberta,11-50,metroglass.ca
canada,,Qteo1GRylumSyFLZqVClbAU4KeO8,construction,linkedin.com/company/structure-ksm,gatineau,structure ksm,quebec,1-10,structureksm.ca
canada,2021,eFZxIRkzGKBWZ6V8WoJC1A8y8mTX,construction,linkedin.com/company/nidus3d,kingston,nidus3d,ontario,11-50,nidus3d.com
canada,1981,RKybk1zjZXMzgIDMiRCZHA5C4aQu,construction,linkedin.com/company/cascadia-shading-design,vancouver,cascadia shading design,british columbia,11-50,cascadiadesign.ca
canada,2004,GFvUQnHf7FCRaSFnzOKRhw4ZB17T,construction,linkedin.com/company/beav's-plumbing-&-heating-limited,halifax,beav's plumbing & heating limited,nova scotia,1-10,beavsplumbing.com
canada,,olFOWqgwaablVfZiBa5tuAbYJShP,construction,linkedin.com/company/intrinsic-air-systems-ltd,surrey,intrinsic air systems ltd,british columbia,1-10,intrinsic-air.ca
canada,,mr9SMdvjpbo2gtrZXxfPvg3qwW99,construction,linkedin.com/company/goodon-industries,boissevain,goodon industries,manitoba,51-200,goodon.com
canada,,YlSqXBLBAWXKfwgs4awp1wLqhnfk,construction,linkedin.com/company/pivotal-works-corp-,vancouver,pivotal works corp.,british columbia,1-10,pivotaltrafficcontrol.ca
canada,,erRoZErhr88agFrN0bwz0gAxjz3U,construction,linkedin.com/company/forage-métropolitain-inc,salaberry-de-valleyfield,forage métropolitain inc,quebec,11-50,forage-metropolitain.com
canada,,NfoObN1iacIZoyrUVNOzhQTiA2du,construction,linkedin.com/company/construction-canti,lasalle,construction canti,quebec,1-10,constructioncanti.com
canada,,uS4so7Od0BjlwDG0X3aCUgav2k5I,construction,linkedin.com/company/omega-caulking-&-coatings,ottawa,omega caulking & coatings,ontario,1-10,omegacaulking.com
canada,2003,3bTVQm3dV9QHeeJNZGFlRAyr2TbB,construction,linkedin.com/company/moemar-homes,moncton,moemar homes,new brunswick,11-50,moemarhomes.com
canada,,eCPlue7pyaxJRF8XcsP4GAbanSVh,construction,linkedin.com/company/chimo's-drilling-&-excavating-ltd,regina,chimo's drilling & excavating ltd,saskatchewan,1-10,chimos.ca
canada,2020,dnX0sPCMwAuE2KW5zycquwEXnZm4,construction,linkedin.com/company/castores-builders,burnaby,castores builders,british columbia,51-200,castoresbuilders.com
canada,2003,PcTRqmHhx7IlIZWjdGvmtwZzBfxO,construction,linkedin.com/company/absolute-blast-co-,mount hope,absolute blast co. mobile sandblasting,ontario,11-50,absoluteblast.ca
canada,,HQl7ivBIxD2BsNKMlerbhAEFGBd7,construction,linkedin.com/company/sarina-homes,calgary,sarina homes,alberta,11-50,sarinahomes.ca
canada,2001,ljd4fdZ7MD7gNSBUkQZiaAJahRmI,construction,linkedin.com/company/cfs-canada,ottawa,cfs canada,ontario,11-50,cfscanada.ca
canada,1998,9ClVBroI83rWH65enwcigAXVsDbp,construction,linkedin.com/company/customlinegroup,langley,customline group,british columbia,11-50,customlinegroup.ca
canada,,MG1pi0lqrVl4bytKqZTHkAboy0Wz,construction,linkedin.com/company/électro-inc.,laval,électro inc.,quebec,1-10,formationelectro.com
canada,,QLsMBa2ENS4lbyJy5CCBVQsDUoLi,construction,linkedin.com/company/confortech-électricité,montréal,confortech électricité,quebec,1-10,confortech.net
canada,,C6u8mfSVQzpzgx6p13PKCgandQ3j,construction,linkedin.com/company/pvplumbingwater,ottawa,pv plumbing & water inc.,ontario,1-10,pvplumbingwater.com
canada,1967,4dEsBzofCQM8bCeLNgZDBAZdAIpZ,construction,linkedin.com/company/cherubinibridgesstructures,dartmouth,cherubini bridges and structures,nova scotia,51-200,cherubinigroup.com
canada,1901,66wCLBRPpRVPaiYAFi2ejwHnAxb8,construction,linkedin.com/company/ibew-local-213,coquitlam,ibew local 213,british columbia,1001-5000,
canada,,orQDtzN5FmWpPhIqZFQucg1bIzDA,construction,linkedin.com/company/k1audio,richmond hill,k1audio,ontario,1-10,k1audio.com
canada,,kmbOCWV8Y4vBULQ01XfCXgDP6AYI,construction,linkedin.com/company/kieswetter-demolition-inc,kitchener,kieswetter demolition inc,ontario,11-50,kieswetterdemo.com
canada,1984,YpqOJxkni0CsjEtSYTpTCAWl0f7M,construction,linkedin.com/company/caltech-group,calgary,caltech group,alberta,1-10,
canada,1959,Bya35TvXcbgH8G0HOCoCRQ900Kh5,construction,linkedin.com/company/emard-couvre-planchers,laval,emard couvre-planchers,quebec,11-50,emardcp.com
canada,,6HoBQLtnfR9USmFCMr1ewg5XpVeb,construction,linkedin.com/company/icm-contractors,mississauga,icm contractors inc.,ontario,1-10,icmcontractors.com
canada,2018,ZPBzmh9t5XjClcE4NFBzJgtcjrlH,construction,linkedin.com/company/amourconstruction,langley,amour construction & design,british columbia,1-10,amourconstruction.com
canada,2004,dWGS4Pafg487AuhfqnIcNgTKt9fr,construction,linkedin.com/company/cmaw-local-99,edmonton,cmaw local 99,alberta,1-10,cmawlocal99.ca
canada,,UzAUBrGxPkUum0XDJwZyaQTicXOU,construction,linkedin.com/company/gstarrflooring-ltd,grande prairie,gstarrflooring ltd,alberta,1-10,
canada,1990,pyqmkdLCFl0zEC1ATiSmMwHuxX7L,construction,linkedin.com/company/les-agences-renaud-inc,montréal,les agences renaud inc + division mh,quebec,1-10,agencesrenaud.ca
canada,2014,HT6r6p00BOvKQMW2DMmwrwZOvoO0,construction,linkedin.com/company/crato-construction-inc,vaughan,crato construction inc.,ontario,1-10,cratocon.com
canada,2023,CIAoBYlogm53m8abvBUGhQOLFLrr,construction,linkedin.com/company/jonjubes-concrete,red deer,jonjubes concrete,alberta,1-10,jonjubesconcrete.com
canada,,Cjo9xXpJMe6Szu6rJYb1JAcXuXvx,construction,linkedin.com/company/d.leblanc-toiture,saint-michel,d.leblanc toiture,quebec,1-10,dleblanctoiture.com
canada,,EBVkIvVRqe1CwxiMmn5C6Q468jlw,construction,linkedin.com/company/centura-ottawa,ottawa,centura ottawa,ontario,1-10,
canada,2001,qHNX6pFOSz4GFvco2JrUxQlbev2R,construction,linkedin.com/company/excellent-pavage,laval,excellent pavage,quebec,11-50,excellentpavage.ca
canada,,6ukh3AZSq5BNZXgZFaw90Ae232fc,construction,linkedin.com/company/blackrock-homes-canada-inc,brampton,blackrock homes canada inc,ontario,11-50,blackrockhome.ca
canada,,AvclUz1xYWBEKbxZbhnCaQVlNSZt,construction,linkedin.com/company/dynamic-flooring-solutions-inc,brampton,dynamic flooring solutions inc.,ontario,11-50,dfsigroup.com
canada,,mQCE3cyjxjBpL9obMhOeag75wQHN,construction,linkedin.com/company/wall-savers-ltd,woodbridge,wall savers ltd,ontario,1-10,wallsavers.com
canada,,U8J1K35ZsBeasFblnQiUsQZxjAKY,construction,linkedin.com/company/battle-river-oilfield-construction-ltd-,manning,battle river oilfield construction ltd.,alberta,1-10,battleriveroilfield.com
canada,2021,mHCCDYwtyyQZDyNW2xNudw87c5bm,construction,linkedin.com/company/volk-developments,st. john's,volk developments,newfoundland and labrador,11-50,volkdevelopments.com
canada,2012,yCWb4qlSlfDBYz2ZEX3EnAezOIGE,construction,linkedin.com/company/mcm-électrique-inc-,lévis,mcm électrique inc.,quebec,1-10,mcmelectrique.com
canada,,jgTHEuDpOpxPHqKUb3rLNwDlrmKw,construction,linkedin.com/company/high-performance-spray-systems,calgary,high performance spray systems,alberta,11-50,hpspray.com
canada,,kfBp07l2UJkbhNDkxvbHCAgCCs9w,construction,linkedin.com/company/abba-skylights,mississauga,abba skylights,ontario,1-10,abbaskylights.com
canada,2008,loAikiv4SnTILRv335hPFwArzsu6,construction,linkedin.com/company/build-contracting-ltd,oakville,build contracting ltd.,ontario,1-10,buildcontracting.ca
canada,,NwQZCa0MeP0X9zdb1carCAsZTZzL,construction,linkedin.com/company/soho-tiles,vaughan,soho tiles,ontario,1-10,sohotiles.com
canada,2019,R3bfBpFQjc2zZ08rcQAixAcHte3J,construction,linkedin.com/company/karben-renovations,brampton,karben renovations,ontario,1-10,karbenrenovations.com
canada,2006,kq67aSRDtZ5jmfc1c8ALVg7gf8DE,construction,linkedin.com/company/fraser-shingling-&-exteriors,acheson,fraser shingling & exteriors ltd.,alberta,1-10,fraserexteriors.com
canada,,huyVHa9aUXCkMI2IBGtlswlHUzrx,construction,linkedin.com/company/ravasco-landscaping,richmond hill,ravasco landscaping,ontario,1-10,ravascolandscaping.ca
canada,2015,Qk7oP0AOSY4iBuZs2mwD4Q69pLaA,construction,linkedin.com/company/hillcrest-group-inc,toronto,hillcrest group inc,ontario,51-200,hillcrestgroup.ca
canada,,zCm2eTWcIKymbemp0EDyMA59GRky,construction,linkedin.com/company/david-foulem-architecte-inc-,,david foulem architecte inc.,,1-10,dfarch.ca
canada,2013,s8NQBHPZYRC3ogBFmhOFaA1W0l0W,construction,linkedin.com/company/livingspace-homes,vancouver,livingspace homes,british columbia,1-10,livingspacehomes.com
canada,,BzpPvG3dqCZ2ebuJTmeECgR7FxZs,construction,linkedin.com/company/groupe-morency-inc,quebec city,groupe morency inc.,quebec,1-10,groupemorency.com
canada,,oTBNejfdxHROBCDxmFaR5gJ8XAiI,construction,linkedin.com/company/makkidemolition,calgary,makki demolition,alberta,51-200,makkidemolition.ca
canada,1973,purDbC8iWBG3DsnFBr4mFw1aoYG2,construction,linkedin.com/company/national-hydronics-group,surrey,national hydronics group,british columbia,51-200,nationalhydronics.com
canada,2017,rcV7rZDy6cX74GL2zaYUoAKX0obi,construction,linkedin.com/company/foamstarsdirectory,vaughan,foamstars spray foam contractor directory,ontario,1-10,foamstars.com
canada,,OxHIBE3XaV6VumH3ef9ygAehC5MK,construction,linkedin.com/company/masterz-construction,cumberland,masterz construction,ontario,1-10,masterzconstruction.com
canada,2017,w7VZRwrOSJ2hgItRbveeAQUYHn7N,construction,linkedin.com/company/cmsairfilters,montréal,cms air filters inc.,quebec,1-10,
canada,,2pqUXBk9E093qtfuJT2VFgO1UE6F,construction,linkedin.com/company/bridge-project-management-consulting,aurora,bridge project management consulting,ontario,1-10,
canada,,OhLRms4JlJgRs0C7GfeEmAdfZcaH,construction,linkedin.com/company/quinte-mobile-concrete-service,belleville,quinte mobile concrete service,ontario,1-10,dewalgroup.com
canada,,i9ejr50OLodA8lTpIftY2AAJaSMq,construction,linkedin.com/company/consultants-legoff-ltée,drummondville,consultants legoff ltée,quebec,1-10,
canada,2013,ckpTFEh1amLl4K4fBzonYws17nyu,construction,linkedin.com/company/canadian-wall-systems,peterborough,canadian wall systems,ontario,11-50,canadianwallsystems.ca
canada,1986,s7a40ArPznpIOzVjYHCnBgLV1ilk,construction,linkedin.com/company/homexx-corporation,edmonton,homexx corporation,alberta,11-50,homexx.ca
canada,,D3i6go3lfIUClSsm4ZpKNwai2tlt,construction,linkedin.com/company/priester-electric,quinte west,priester electric,ontario,1-10,priesterelectric.ca
canada,2015,CIEh9HgskbNzErF9sVVkIAbTdCHB,construction,linkedin.com/company/dns-contracting-inc,winchester,dns contracting inc.,ontario,51-200,dnscontracting.net
canada,,cGPqc6AkB61I9HwuCM9yUAXCH81g,construction,linkedin.com/company/revlyn-demolition-&-recycling-ltd,edmonton,revlyn demolition & recycling ltd,alberta,1-10,revlyn.ca
canada,,Y8mx8BhqimBrXqrZFi9zZAu6B8TR,construction,linkedin.com/company/gms-hvac,windsor,gms hvac,ontario,1-10,gmshvac.ca
canada,,oMO4w0gRb61wrtTOwen4vwjslWz7,construction,linkedin.com/company/katena-railings,saint-robert,rampes katena railings,quebec,1-10,katena.ca
canada,,9SGJnvz7427I3k49y7U66Q6R2G2i,construction,linkedin.com/company/environment-builders,,environment builders,,1-10,environmentbuilders.com
canada,2010,PCyF58H3resOxBUke0fQ6AKgLzph,construction,linkedin.com/company/ironstone-building-compnay,london,ironstone building company,ontario,11-50,ironstonebuilt.com
canada,2004,mmWJfFmFi9z0x3z9jok7yQwuLfjX,construction,linkedin.com/company/centralinteriorpumps,kamloops,central interior pumps ltd.,british columbia,1-10,centralinteriorpumps.com
canada,,eiXDCRMUQqE18UPHYqSXfwPsdjwH,construction,linkedin.com/company/haro's-roofing,edmonton,haro's roofing,alberta,1-10,harosroofing.com
canada,,GMdT6hRayihLdW26ceEgsAaDWesm,construction,linkedin.com/company/canadian-roofing-company,toronto,canadian roofing company,ontario,1-10,canadianroofingcompany.ca
canada,1990,VGOFitwi1NQJV30jsiTvRAMrV0Q6,construction,linkedin.com/company/industrial-floor-systems-company,barrie,industrial floor systems,ontario,51-200,industrialfloorsystems.com
canada,1979,mk0CaCwRQ2GsN2oqSEFP6wc54bSS,construction,linkedin.com/company/noye-and-noye-limited,tyne valley,noye and noye limited,prince edward island,11-50,
canada,,KnfUtWprenlIynBnD7g1uAPl6vke,construction,linkedin.com/company/poly-toiture-inc.,jonquiere,poly-toiture inc.,quebec,1-10,
canada,2022,xcdmCg3FuKXKiORFHOOCAgKIJLru,construction,linkedin.com/company/theraluxe-home-wellness,abbotsford,theraluxe home wellness,british columbia,1-10,theraluxe.ca
canada,1954,qjYz9u7uVg3LCpIl26l9xgJtNfyw,construction,linkedin.com/company/rorison-industrial-electric-limited,windsor,rorison industrial electric limited,ontario,11-50,rorison.com
canada,2022,3rBFG6Dqegbs08XNcwhKZgRegQ9P,construction,linkedin.com/company/ravanal-wash-it-all,edmonton,ravanal wash it all,alberta,1-10,ravanalwashitall.com
canada,,c9CS43k3YaQ8ijTItPFBYAOgwZvm,construction,linkedin.com/company/concrete-forming-toronto,scarborough,concrete forming toronto,ontario,1-10,concreteformingtoronto.com
canada,1998,ZUM6Ib6LiCVQtSL4idWb6wyjRjuG,construction,linkedin.com/company/meeco-technologies-inc,richmond hill,meeco,ontario,1-10,meeco.ca
canada,2003,ZqqMeux3ZSLt74hcyDC6WAMdDGre,construction,linkedin.com/company/urbanex-construction-inc.,quebec city,urbanex construction inc.,quebec,11-50,urbanexconstruction.com
canada,,XXUTNL1XzxQA0NHQkKSMqQYbXH6x,construction,linkedin.com/company/pars-services-ltd,richmond,pars services ltd.,british columbia,11-50,
canada,2003,XpJnsYjNNABQxWDu5RBisAjtwY5e,construction,linkedin.com/company/curb-appeal-landscape-&-stone-inc.,milverton,curb appeal landscape & stone inc.,ontario,1-10,curbappeal-huronperth.ca
canada,2021,3oBlpqRiX04SBH9obLQunA1VEDkz,construction,linkedin.com/company/art3mis-builders-corp,surrey,art3mis builders corp,british columbia,1-10,art3mis.co
canada,2008,XVfCbtzBB9zcuT7yz2IH4wf8EeaC,construction,linkedin.com/company/fibertel-communications-canada-inc,edmonton,fibertel communications canada inc.,alberta,51-200,fibertel.ca
canada,,MoN1wG3DY998Bbss9xjk3ApDQq4d,construction,linkedin.com/company/socanin-inc-,,socanin inc.,,1-10,
canada,,CQEHCgCGs6hLehvP2qRGQgjaLEqG,construction,linkedin.com/company/béton-excellence,montréal,"béton excellence - polissage et meulage de béton aux diamants, plancher en époxy et terrazzo",quebec,1-10,betonexcellence.ca
canada,1946,B4QmZfBOsh40CfMykweD9gSonmqA,construction,linkedin.com/company/s.g.-levy-&-sons-limited,wolfville,s.g. levy & sons limited,nova scotia,11-50,
canada,,vDMMWmRkzyg6Z81j5XShNAd3gP6x,construction,linkedin.com/company/absolutely-covered-inc,calgary,absolutely covered,alberta,11-50,
canada,2001,fKZ7L5TP74qMzU4oiIfNCwa5TMwY,construction,linkedin.com/company/plc-services,calgary,plc services,alberta,11-50,plcservices.ca
canada,1987,GUv9BcHy93u7uZprnYjvAAesLuVH,construction,linkedin.com/company/s.w.h.i.-sauga-west-home-industries,mississauga,a.peplak hardwood flooring,ontario,1-10,apeplakflooring.com
canada,,HbPVtCudY8pKsoEaIsKtYwHLNrve,construction,linkedin.com/company/kevco-pipelines-ltd,calgary,kevco pipelines ltd,alberta,1-10,kevcopipelines.com
canada,2000,aBn64ORcqmGjaHMXnpCleA0JOT1U,construction,linkedin.com/company/cardel-lifestyles,calgary,cardel lifestyles,alberta,11-50,cardellifestyles.com
canada,,iM699BMQPIeM5LRobpjkQwmuiHpv,construction,linkedin.com/company/cojalac,montréal,cojalac,quebec,51-200,cojalac.com
canada,2017,RArdAJOkfshv0k58TT6AFgeKjuv8,construction,linkedin.com/company/sixonethreeenvironmental,kinburn,613environmental,ontario,1-10,
canada,1969,Jl0v99E6fwbHXCx91MFN4wcwHMQB,construction,linkedin.com/company/grkellyltd,bedford,g&r kelly,nova scotia,51-200,grkelly.com
canada,1986,WIGj1pIRVtAP54QrSkToTgZpYKZj,construction,linkedin.com/company/aquicon-construction-co-ltd-,brampton,aquicon construction,ontario,51-200,aquicon.com
canada,2022,f78wFiBXc8M3nyi37JQwLgrQQzJ5,construction,linkedin.com/company/mvp-bluewave-inc,calgary,mvp bluewave inc.,alberta,1-10,mvpbluewave.ca
canada,,4VTWGKvpxSZAygQRHBQewwWaPMIP,construction,linkedin.com/company/levirio,red deer,levi rio custom home builders ltd.,alberta,1-10,levirio.ca
canada,,Wm1fCUmIxGf1eznCMzU28QphwRxJ,construction,linkedin.com/company/core-built-inc,toronto,core built inc.,ontario,1-10,corebuiltinc.ca
canada,,YWzhG1EBggjqaI1gujPlvQfY8NVj,construction,linkedin.com/company/united-rentals-maritimes,halifax,united rentals - maritimes,nova scotia,10001+,
canada,,RC2Z7LUeuSyMnxRgXFmkYQdHewob,construction,linkedin.com/company/newcon-insulated-foundations,kingston,newcon insulated foundations,ontario,1-10,newconicf.com
canada,2009,WEsuTpLZBfJqizBKC1uViwiCnJGO,construction,linkedin.com/company/ecosynergy,airdrie,ecosynergy,alberta,1-10,ecosynergy.ca
canada,1972,UdTsYPOtiJEo89JJi5RsLwU2rXrA,construction,linkedin.com/company/provincial-roofing,concord,provincial roofing,ontario,51-200,provincialroofing.com
canada,2018,UljqaAgAfFUXh4J2TioodwKxXOQj,construction,linkedin.com/company/konrex-construction-inc,burnaby,konrex construction.,british columbia,1-10,konrex.ca
canada,2019,ihJ0kUfIBBVBcRJ6h7xoog2lDplU,construction,linkedin.com/company/lux-bull,toronto,lux-bull hvac services inc.,ontario,11-50,luxbullhvac.com
canada,,epgVE3EH2sUaBXWxYUFotgun5qcg,construction,linkedin.com/company/harm-schilthuis-&-sons-limited,ancaster,harm schilthuis & sons limited,ontario,11-50,schilthuis.com
canada,,gA7bnEpRkBJBWHsCqTZpBwS83m7H,construction,linkedin.com/company/faith-in-construction,whitby,faith in construction,ontario,1-10,ficdurham.com
canada,,0BCrPQCMJaVKzODAfAwG1Qlj6I95,construction,linkedin.com/company/tractus-projects,,tractus projects,,1-10,
canada,,mhViFEvio8pOfn6cnhoong90sYsN,construction,linkedin.com/company/iresco-ltd-,,iresco ltd.,,1-10,steeldetailers.com
canada,2011,qmSTW0hEOBMF9XZzjSOBBgfCXQwH,construction,linkedin.com/company/smart-fix-infrared-asphalt-repair-ltd,spruce grove,smart fix asphalt infrared repair ltd,alberta,11-50,smartfixasphalt.ca
canada,,r08Ls131jaYMcCPUKkV2BAnnW9uR,construction,linkedin.com/company/l-univers-du-modulaire,sherbrooke,l'univers du modulaire inc.,quebec,11-50,luniversdumodulaire.com
canada,1994,ZpeXWlrSI7PCx6rpYG3qxAiDCl09,construction,linkedin.com/company/griffe-cuisine-inc-,saint-augustin-de-desmaures,griffe cuisine inc.,quebec,11-50,griffecuisine.com
canada,2001,YnbkZphInJVeHdAZoCXbowE8cBfc,construction,linkedin.com/company/neo-roofing-solutions,burnaby,neo roofing solutions (canada),british columbia,1-10,neoroofing.ca
canada,1971,xUU3mI4nMRPSVZy3s3U5JAlfKwiP,construction,linkedin.com/company/emw-industrial-ltd-,saltcoats,emw industrial ltd.,saskatchewan,201-500,emw.ca
canada,,1quAvFgVujmQIzEAVTGMAwVOPftb,construction,linkedin.com/company/first-pro-exterior-property-services,toronto,first pro exterior property services,ontario,1-10,firstproservices.com
canada,,C7X3wpQm8dmemxmliB5JEATXrPko,construction,linkedin.com/company/enterprises-d'electricite-jm,matane,enterprises d'electricite jm,quebec,1-10,
canada,,1mLSR9gtOl9HqCUOrrMw8AsK9yGH,construction,linkedin.com/company/pw-mccallum-roofing,mill bay,pw mccallum roofing,british columbia,1-10,pwmccallumroofing.com
canada,2005,KSDuDOMOk8hWgluvbAUiMAnpnzsy,construction,linkedin.com/company/norexco-construction,sainte-agathe-des-monts,norexco construction,quebec,11-50,norexco.ca
canada,,gMk5H7h38l3arOQfRA5MugQsaU0D,construction,linkedin.com/company/ultimate-countertop-solutions,dartmouth,ultimate countertop solutions,nova scotia,1-10,ultimatecountertopsolutions.ca
canada,2005,ec9XnffsP8iq5qZiSxm4SghsDpyu,construction,linkedin.com/company/interior-heavy-equipment-operator-school,calgary,ihe school - interior heavy equipment operator school,alberta,11-50,iheschool.com
canada,,ApV5nLV44G2JUpnTpFYjmgc8Uafv,construction,linkedin.com/company/isothermic-la-prairie,la prairie,isothermic la prairie,quebec,1-10,
canada,2015,ba1zwqE8JWeconwCZqrz1AWBy27E,construction,linkedin.com/company/caliber-fencing-&-bobcat-services-inc.,de winton,caliber fencing & bobcat services inc.,alberta,1-10,caliberfencing.com
canada,,CQl41oM6mQx41tHFssVmbQXp5XTq,construction,linkedin.com/company/benjico-inc,montréal,benjico inc.,quebec,1-10,benjico.ca
canada,,nOQXQGqoDsCX7YMJhUQLAgZRaWpl,construction,linkedin.com/company/serviceplus-heating-and-cooling,kemptville,serviceplus heating and cooling,ontario,1-10,serviceplusheatingcooling.ca
canada,2009,vVMwhdSKrPFDH0JazYrpywRabsef,construction,linkedin.com/company/northern-lights-renovations,calgary,northern lights renovations,alberta,1-10,northernlightsrenovations.ca
canada,,OGvH6JZU9f6i6eC8liql9AXGqYrM,construction,linkedin.com/company/southshore-drywall,victoria,southshore drywall,british columbia,1-10,southshoredrywall.ca
canada,,RVlcUAyLZT5Aum4mo1tXFAg0xfHg,construction,linkedin.com/company/larry-s-painting-gta,mississauga,larry's painting gta,ontario,1-10,larryspainting.ca
canada,2019,zNpdmktdIGX9ckqPCGF5xgy0QMbY,construction,linkedin.com/company/construction-specifix,vancouver,construction specifix,british columbia,1-10,constructionspecifix.ca
canada,,rTUrhgHQ1A35xy5440QWBwf9fQp6,construction,linkedin.com/company/esw-building-services-inc,mississauga,esw building services inc,ontario,51-200,eswbuildingservicesinc.com
canada,,IsSdrt3Wk2B9hSklP3ramQ0tdXsF,construction,linkedin.com/company/aeon-kitchens-&-design,collingwood,aeon kitchens & design,ontario,1-10,aeonkitchens.com
canada,1992,AOE8LHjlCO5BHiPVVgzEVQb7fcnL,construction,linkedin.com/company/nuform-building-technologies-inc.,woodbridge,nuform building technologies inc.,ontario,51-200,nuformdirect.com
canada,,2qhAesTN9qX7dCN2w9mQfALYLCQH,construction,linkedin.com/company/les-ateliers-structar,gaspé,les ateliers structar,quebec,1-10,structar.ca
canada,2023,axQn6WYXpEsxlt8lYGimFQtPqUQ4,construction,linkedin.com/company/canhill2023,west vancouver,canhill develop ltd.,british columbia,1-10,canhill.ca
canada,2016,JK1SPRS9ZY96JQgXO2ZqtQBk28TQ,construction,linkedin.com/company/construct-x-design-ltd,kelowna,construct x design ltd.,british columbia,1-10,constructxdesign.com
canada,,vM3qF421qmIS1SJ3sqNhUwjtkaWH,construction,linkedin.com/company/netek-technology-limited,richmond,netek technology limited,british columbia,1-10,netekcanada.com
canada,,Q7ixnKCziJ5BaGsQNTBY9w7CxpfT,construction,linkedin.com/company/am-renovation,cranbrook,am renovation,british columbia,1-10,amrenovation.ca
canada,,MVwmEWQRFdiUEGPXuwaDBws53Wud,construction,linkedin.com/company/total-home-windows-and-doors,whitby,total home windows and doors,ontario,1-10,
canada,2004,2kAtQJyKfxGcjKBTyerb8gjxLZMj,construction,linkedin.com/company/dilamco-inc-,pierrefonds,dilamco inc.,quebec,1-10,dilamco.com
canada,2018,Cvds1UNC3MWFKFzVPxJcYA9iK3q9,construction,linkedin.com/company/emf-contracting-ltd,calgary,emf contracting ltd,alberta,51-200,emfcontracting.ca
canada,,2BMvRXGpq6GxACiSIQ2HygPWCONB,construction,linkedin.com/company/dennb-insulation,bolton,dennb insulation,ontario,1-10,dennbinsulation.ca
canada,2006,HS9kJgKm87hOL1wSxVC2twCXcW8u,construction,linkedin.com/company/style-developments,calgary,style developments | renovations and custom homes,alberta,11-50,styledevelopments.com
canada,2000,SX84FkaOOCfABYq8Udht4QJWJSAh,construction,linkedin.com/company/trimen-electric-ltd,calgary,trimen electric ltd.,alberta,51-200,trimenelectric.com
canada,,nrYXdlFk4UKMNlwNLpLylgRlwZ03,construction,linkedin.com/company/double-vision-mirror-&-glass-inc,whitby,double vision mirror & glass inc,ontario,1-10,doublevisionmirrorandglass.com
canada,2010,334qNPNm7AcFO7Hu7qht4QNY8fRT,construction,linkedin.com/company/cabana-landscaping,richmond hill,cabana landscaping,ontario,1-10,cabanalandscaping.com
canada,2011,Lwi9bFCfXtAAm9H7INGDIwcf75Ir,construction,linkedin.com/company/affordable-comfort-ltd,barrie,affordable comfort ltd,ontario,11-50,barrieheatingcooling.ca
canada,,MpwdtP7OHFv0eptECXPeBwM43ryp,construction,linkedin.com/company/rosco-electric,,rosco electric,,1-10,roscoelectric.ca
canada,,rzWTpj6bU8kBQC0fIGtUtQuwh66F,construction,linkedin.com/company/dmc-home-improvement,toronto,dmc home improvement,ontario,1-10,dmcpro.ca
canada,1976,6QfesC9qtjYJO7DT5vLv1QCuFgwp,construction,linkedin.com/company/isolation-rgc,saint-eustache,isolation rgc,quebec,51-200,isolationrgc.ca
canada,2013,BzdIwccpZc6bOd7w5b6rCAkJ7YqZ,construction,linkedin.com/company/servicemaster-restore-of-central-north-okanagan,kelowna,servicemaster restore of central & north okanagan,british columbia,1-10,svmrestore-centralokanagan.ca
canada,,EyCOHaMMlSvDZ6N4nCWXpQCoUc3n,construction,linkedin.com/company/keystone-exteriors,calgary,keystone exteriors,alberta,1-10,keystoneexteriors.ca
canada,,89oX7pN2r6OIgQ4qRHNZ6Q0jEYji,construction,linkedin.com/company/stonnik,north york,stonnik corp.,ontario,1-10,stonnik.com
canada,2000,9dGGEufIyAe5Bubctu64YgzGLt25,construction,linkedin.com/company/national-contract-glazing-ltd,ottawa,national contract glazing ltd,ontario,51-200,
canada,,7QD8VzJ8l8d6sXbIowdF4QZNJ5s4,construction,linkedin.com/company/sibelle,burnaby,si belle construction,british columbia,1-10,sibelleconstruction.ca
canada,,zgyrcybqhqHE7U9gdAkhegYbpwkK,construction,linkedin.com/company/enviro-painting,ottawa,enviro painting,ontario,11-50,enviro-painting.com
canada,1982,CUDwsTFgDCBXg2EKXaWRSgI98mfL,construction,linkedin.com/company/murray-shaw-home-improvements-inc,london,murray shaw inc,ontario,11-50,murrayshaw.ca
canada,1925,EXakr9B4BHnG03v8B4012wCaDLUP,construction,linkedin.com/company/mcgregor-construction-2000-ltd,edmonton,mcgregor construction 2000 ltd,alberta,51-200,mcgregor2000.com
canada,,SdEr0tBIrSxSf4i8hj7MdQKewaH5,construction,linkedin.com/company/portes-et-fenêtres-isothermic-inc.,thetford mines,portes et fenêtres isothermic inc.,quebec,1-10,
canada,2010,Yi1uhc09ps4vdx146nHdqAk8RnPF,construction,linkedin.com/company/thermo-homes,mount uniacke,thermo homes,nova scotia,11-50,thermohomes.com
canada,2007,kd6zmqx8yKQT1E10UdJicg4TUsNX,construction,linkedin.com/company/shignanski-construction-inc,edmonton,shignanski construction inc.,alberta,11-50,shignanski.com
canada,2014,K3kkIH3WLSVBTmG2ouNHow11s5tO,construction,linkedin.com/company/nzh-contracting,burlington,nzh contracting,ontario,11-50,nzh.ca
canada,1995,5ZcNFA1FCKMrqd9zdcrpggY6GS03,construction,linkedin.com/company/montoni,laval,montoni,quebec,51-200,groupemontoni.com
canada,2015,9ggIeTHXLFuepCIZCo3flgSLSccT,construction,linkedin.com/company/canbd-company-limited,toronto,canbd company limited,ontario,1-10,canbdhome.ca
canada,1991,sLZOJCOWqngKVXpjmP5zwwk7obZW,construction,linkedin.com/company/pk-food-equipment-ltd.,surrey,pk food equipment ltd.,british columbia,11-50,pkfoodequipment.com
canada,1995,eCDBCQ2fuCj02suRC0Sj2g0tw2Zf,construction,linkedin.com/company/kavox-group,burlington,kavox group construction ltd.,ontario,1001-5000,kavoxgroup.com
canada,,CgyCl4w00QxfIeC55Hi1MQGRoKe3,construction,linkedin.com/company/concept-investment-partners-ltd,lethbridge,concept. investment partners ltd.,alberta,11-50,conceptip.ca
canada,2021,TPOBTu2kOp7BHOtiSFHCCApFakOI,construction,linkedin.com/company/t-o-p-drilling-excavation-services-inc,fenelon falls,t.o.p. drilling & excavation services inc,ontario,1-10,
canada,1995,K6k9OhidMTGuF4VWpYrXVgsFw5as,construction,linkedin.com/company/leda-restoration,mississauga,leda restoration,ontario,11-50,leda.ca
canada,1994,tkvXIUNMkCSlgkeBajo4oAgqsfro,construction,linkedin.com/company/acq-residentiel,montréal,acq résidentiel,quebec,11-50,acqresidentiel.ca
canada,2010,Xm3KPSTo9pOShRZwPHqskgSpZLcJ,construction,linkedin.com/company/rempel-backhoe-gravel-ltd,birnie,rempel backhoe & gravel ltd,manitoba,1-10,rempelbackhoe.ca
canada,2017,5UBfSm1m7ijM5PSe11hIJwnEyC1c,construction,linkedin.com/company/north-bluff-design,delta,north bluff design,british columbia,1-10,northbluffdesign.com
canada,,oyX3eAoiOoY7ZpPWOfY7JQY7bKR4,construction,linkedin.com/company/struct-con-construction-ltd.,,struct-con construction ltd.,,11-50,struct-con.ca
canada,2014,GgzEFTB2OO8CYFVEBCORWgOvmiV1,construction,linkedin.com/company/mallard-home-services,elora,mallard home services,ontario,1-10,mallardhomeservices.com
canada,,j6IQQXdof06shp9WxRCBwwGnajgU,construction,linkedin.com/company/wolseley-studio,calgary,wolseley studio,alberta,1-10,wolseleystudio.com
canada,,cOpYUc4sJGBtOAgZrK7gCQXZdQbT,construction,linkedin.com/company/gibbons-maintenance-inc,,gibbons maintenance inc,,1-10,gibbonsmaintenance.ca
canada,1987,yivywYLrecxqb3FpBt48MABt36CF,construction,linkedin.com/company/southwest-doors-hardware-ltd,london,southwest doors & hardware ltd.,ontario,11-50,southwestdoors.ca
canada,,UPe4plSfI2NznsaanKCbCQKaRpyw,construction,linkedin.com/company/genivar-construction-inc.,montréal,"genivar construction, inc.",quebec,1-10,
canada,,nH1CrvA9ffxwGG6ysWzHewnffcjf,construction,linkedin.com/company/urlacher-construction-ltd,cold lake,urlacher construction ltd,alberta,1-10,
canada,,dK6Aydqw4k6XGB6KzTQjbgDAOL42,construction,linkedin.com/company/r&l-landscaping,toronto,r&l landscaping,ontario,1-10,randllandscaping.ca
canada,,RzPDoGBxEVm2gK8CdIYKbgEs40h8,construction,linkedin.com/company/concrete-azores,oakville,concrete azores,ontario,1-10,concreteazoresltd.com
canada,2007,S2lQt8td6atcpm6qMoZYmAnz700J,construction,linkedin.com/company/reno-men-canada,victoria,reno men canada,british columbia,11-50,renomen.ca
canada,2007,DfTwB2oW1JhI2UTk29nKIgEmdUEF,construction,linkedin.com/company/fcnq-construction-inc-,montréal,fcnq construction inc.,quebec,11-50,
canada,,v4dBYJobGfQXq7gqM6CCEwauokZ1,construction,linkedin.com/company/thornside-holdings-limited,lansdowne house,thornside (holdings) limited,ontario,1-10,
canada,,SPjdCY2J4wC7HBNFeCElyAaPY78z,construction,linkedin.com/company/montrose-builders,daysland,montrose builders,alberta,1-10,
canada,2003,XaQmWvVZXVDGGCVxXm0QEgH9a7oy,construction,linkedin.com/company/precisionwerkz-architectural-woodwork-&-cabinetry,burnaby,precisionwerkz inc.,british columbia,11-50,precisionwerkz.com
canada,2003,NTdTyAyPR47os98kSVuw8w2jYlzv,construction,linkedin.com/company/heavy-experience,calgary,heavy,alberta,11-50,heavyindustries.ca
canada,2016,WA70LC84JeepbbUxUuSi1AM1wRvP,construction,linkedin.com/company/décobéton-tbr,saint-hubert,décobéton tbr,quebec,1-10,decobetontbr.com
canada,2009,ef3qB72ZFEbai77kgXKp5wElIDFZ,construction,linkedin.com/company/the-reset-team-corporation,markham,the reset team corporation,ontario,201-500,theresetteam.ca
canada,2018,lVBGNVGHqNWbSANPU4MFEQX4raft,construction,linkedin.com/company/ubl-group-inc,east york,ubl group inc.,ontario,1-10,ublgroup.ca
canada,2003,c6QsKtGo7d2eD8KQzuMQuQA45Npd,construction,linkedin.com/company/west-coast-steel-ltd,coquitlam,west coast steel ltd.,british columbia,11-50,westcoaststeel.ca
canada,,i54YwKPCA70aetBHQCqdUAObe42q,construction,linkedin.com/company/topsite-contracting-limited,concord,topsite contracting limited,ontario,11-50,
canada,2012,OCI825sNB244DK8IhupvnQkCZHtV,construction,linkedin.com/company/jotmedical,toronto,jotmedical,ontario,1-10,jotmedical.com
canada,,eBBZftcypKx2uuafEyV5YAz3U1zf,construction,linkedin.com/company/newmarch-technical-systems-2000-inc,stouffville,newmarch technical systems 2000 inc,ontario,1-10,newmarchtechnicalsystems.ca
canada,,1BYbutuYdIRi0x5lbkh0AAN7Atdt,construction,linkedin.com/company/jrauticustomhomes,lasalle,rauti j custom homes ltd,ontario,1-10,rauticustomhomes.com
canada,1965,O0nfx3IPqvOkqg4WUd9NowuaFsLt,construction,linkedin.com/company/cpe-ape-parking-equipment,toronto,cpe/ape - canadian parking equipment,ontario,11-50,cpeape.com
canada,2010,e97B08d19bLrnuBRI1TQPQYt6T8O,construction,linkedin.com/company/hoarding-for-humanity-inc,pickering,hoarding for humanity inc.,ontario,1-10,hoardingforhumanity.ca
canada,,41Qi3vzPyhAVi19ucLixfQ7Uf7VH,construction,linkedin.com/company/woodside-carpentry,barrie,woodside carpentry,ontario,1-10,woodsidecarpentry.ca
canada,,gFj1gveC8mhIrnM1LwsQEwDHOyy5,construction,linkedin.com/company/homesa-ha,toronto,homesa,ontario,1-10,homesa.ca
canada,2013,oaE5xOCxzfn18xyI0CXbtQvNF29R,construction,linkedin.com/company/ynj-construction,calgary,ynj construction,alberta,11-50,ynjconstruction.com
canada,2021,RCzNNW1Lrp0vm2y0Hu27SAwiVwbh,construction,linkedin.com/company/con-source,exeter,consource,ontario,1-10,
canada,1980,GfJZBE1CJ4Blhl9d8CFKuwdKXSJo,construction,linkedin.com/company/automation-west-technologies,surrey,automation west technologies,british columbia,11-50,automationwest.ca
canada,,MDmVQ8hSc52lJmh88HGuswURPe4u,construction,linkedin.com/company/excavation-jf-caron-inc,quebec city,excavation jf caron inc,quebec,1-10,excavationjfcaron.com
canada,2002,7xUnxykrCOL2IWtlfcGVZgA39cfD,construction,linkedin.com/company/dcbasementwaterproofing,windsor,dc basement waterproofing and concrete raising,ontario,11-50,dcbasementwaterproofing.ca
canada,1994,5WxuSGPHCEUtbRuXlOX8AwDYR2kZ,construction,linkedin.com/company/vitrerie-chayer,terrebonne,vitrerie chayer inc.,quebec,11-50,vitreriechayer.com
canada,,E87zTNTiBGviGIGTK7k2jgSU6qkl,construction,linkedin.com/company/ez-concrete-solutions,mississauga,ez concrete solutions,ontario,11-50,ezconcrete.ca
canada,,Drd9z1PtLqZ39vsCNyteCQmuCMjw,construction,linkedin.com/company/westcan-services,regina,westcan services,saskatchewan,1-10,
canada,2020,KVicKrpMqVCryoegolip1QGZCAw8,construction,linkedin.com/company/fire-and-form-inc,grande prairie,fire and form inc.,alberta,1-10,fireandform.ca
canada,1975,IHQY7l07nShSatmNSIw23AC9xMDN,construction,linkedin.com/company/phelps-homes-ltd-,grimsby,phelps homes ltd.,ontario,51-200,phelpshomes.com
canada,2019,WWyesfWjTm9MIeIRQTf04Q64WQpI,construction,linkedin.com/company/o-m-engineering,vancouver,o'm engineering,british columbia,11-50,omengineering.ca
canada,2018,mFGPKCU3OWn9NTynxyd7KwKcIx7i,construction,linkedin.com/company/les-escaliers-du-fjord,saguenay,les escaliers du fjord,quebec,1-10,escaliersdufjord.com
canada,2013,uoBKVC2zxAKQo4uqQ3e8wwYIq1t1,construction,linkedin.com/company/prestige-management-inc,st. john's,prestige management inc.,newfoundland and labrador,1-10,facebook.com/newfoundlandsteelroofing
canada,,i08Lab21i1gnwj4BJFeC4ACbDXcl,construction,linkedin.com/company/stucco-contractors,etobicoke,stucco contractors,ontario,1-10,stuccocontractors.ca
canada,2020,ql5Av34KoduMOms2Ut78uwlZhqTa,construction,linkedin.com/company/kirbar-builiding-solutions,vancouver,kirbar building solutions,british columbia,1-10,
canada,,H8mQ6okn6gqUCkN1GpZ4iwzunvKh,construction,linkedin.com/company/atlas-worx,scarborough,atlas worx,ontario,1-10,atlasworx.ca
canada,1976,zAl2kxDehWYUqDcDp0xgkAiYjKeM,construction,linkedin.com/company/progress-door-&-window,squamish,progress door & window,british columbia,1-10,progressdoorandwindow.com
canada,,2PXWpFmWD2lykAAjXj0zyAYu8Gw6,construction,linkedin.com/company/bertling-electrical,north vancouver,bertling electrical,british columbia,1-10,bertlingelectrical.com
canada,2021,OmCLCdY8xQCEWcshHP4vcg9yZ7Xz,construction,linkedin.com/company/mica-group-inc,toronto,mica group inc.,ontario,1-10,micagroupinc.com
canada,2014,jsnfthXBkc34u6w3ps7l7QoO9eyr,construction,linkedin.com/company/bt&t-construction-inc.,lundar,bt&t construction inc.,manitoba,1-10,
canada,,tBKiPqG0T7aH0Pv5leMP5gDjoPXV,construction,linkedin.com/company/the-great-canadian-roof-doctor,victoria,the great canadian roof doctor,british columbia,1-10,cdnroofdr.com
canada,,Q8n7IeFy59AwDPfAWJKdbAvs5CJ4,construction,linkedin.com/company/anthony-furlano-construction-inc,new tecumseth,anthony furlano construction inc.,ontario,11-50,afconstruction.ca
canada,,5Ky2DG3CP0HTNUfVAA6KowIugLyi,construction,linkedin.com/company/meg-sim-roofing,london,meg sim roofing,ontario,1-10,megsimroofing.ca
canada,,31r085y2pqsEoRIa8sef6wtaQDkM,construction,linkedin.com/company/abel-firestopping-ltd,surrey,abel firestopping ltd.,british columbia,1-10,
canada,,MNvqHqNhog32oqtToVdF0AjHSpoQ,construction,linkedin.com/company/webkos-renovations-ltd,calgary,webkos renovations ltd.,alberta,11-50,linktr.ee/webkos_renovations_ltd
canada,2010,fEmN0tXjdRWrExmIfJkemQ3rceo9,construction,linkedin.com/company/hudson-restoration-inc,mississauga,hudson restoration inc.,ontario,11-50,hudsonrestoration.com
canada,1980,cvwKLLMM4FpfPNTpOHFMXg1r1uov,construction,linkedin.com/company/mac-renovations-ltd.,victoria,mac renovations ltd.,british columbia,11-50,macreno.com
canada,,QI8k6eznAB2zdsqptZJpzgVWmZWe,construction,linkedin.com/company/kilrich-industries-l-p-,whitehorse,kilrich industries l.p.,yukon,1-10,
canada,2009,GuXggxQzExJgGnkCdcJi7Qw871Q2,construction,linkedin.com/company/mooreview-estates-inc,bracebridge,mooreview estates inc.,ontario,1-10,
canada,2016,0pqvecepUgIQ5TjB6eGA4ATOv8HQ,construction,linkedin.com/company/wabajune-construction-&-développement-inc.,eastmain,wabajune construction & développement inc.,quebec,11-50,wabajune.com
canada,2015,MhRKBt1mks7CeBfbqGGvZAWSjwRx,construction,linkedin.com/company/ataco-construction,mississippi mills,ataco construction,ontario,1-10,ataco-construction.com
canada,2023,5DiaTJxXppC4qobApaEWMAAhfLAP,construction,linkedin.com/company/kt-fairglass,vernon,kt fairglass,british columbia,1-10,ktfairglass.com
canada,,9uV38sdZPHkQyEsmEIzcsw2EEVWa,construction,linkedin.com/company/fabtec-mfg,spy hill,fabtec mfg,saskatchewan,11-50,fabtecsteelaccess.com
canada,,cRG2OvhyHUsPC769IPFA1wc8mlXO,construction,linkedin.com/company/canadian-timber-homes,saskatoon,canadian timber homes,saskatchewan,11-50,log-timberhomes.com
canada,1975,oA3zNFG6IAtaA1b1kbWOQA8jl12I,construction,linkedin.com/company/cgv-builders,cochrane,cgv group,ontario,51-200,cgvgroup.ca
canada,,B9DuW4PAxywgVQ0hYBS0pw4XtRkb,construction,linkedin.com/company/aluminium-ascot-inc,sherbrooke,aluminium ascot inc,quebec,11-50,
canada,2014,tRf0Gf6SMGiGQ9sRheifOQwdAyfo,construction,linkedin.com/company/menderpro,scarborough,mender,ontario,201-500,menderpro.ca
canada,2019,eMCXYU3F7AkTakqxRyDuUgao0dqx,construction,linkedin.com/company/aspire-plumbing-heating,richmond,aspire plumbing & heating,british columbia,1-10,
canada,2011,8CB1C8gM3GcLQHXGEBhegQSJnX2t,construction,linkedin.com/company/hardaker-concrete,kamloops,hardaker concrete,british columbia,1-10,hardakerconcrete.com
canada,,I7deyhRPfuc6mi4sKUSPxABA6VVn,construction,linkedin.com/company/levelup-home-solutions,kanata,level up home solutions inc.,ontario,1-10,levelup-home-solutions.ca
canada,1996,2e9U9BX1O1nYEA8uU1lRwgW6KTVt,construction,linkedin.com/company/falcon-contracting-ltd-,prince george,falcon contracting ltd.,british columbia,51-200,falconcontractingltd.com
canada,,ohZSDFL52CD76YiKPCJVngDnwIf5,construction,linkedin.com/company/glass-doctor-of-barrie,barrie,glass doctor of barrie,ontario,1-10,
canada,2019,V4qB4i88A2uDppnw7gECKQ0eE9Lw,construction,linkedin.com/company/vancouver-design-build-network,vancouver,vancouver design build network,british columbia,10001+,vancouverdbn.com
canada,2008,W9WCbtqyBsQhgifPQX84BQlnJtdp,construction,linkedin.com/company/c-markinc,calgary,c-mark inc.,alberta,1-10,c-markinc.com
canada,1968,Lc0iQUs19B8PfTBlbftY3wgaSroB,construction,linkedin.com/company/plainsman-construction-ltd,kamloops,plainsman group of companies,british columbia,11-50,plainsman.ca
canada,,DqXUsGfyukm4v7vlcVJh3gKL0d63,construction,linkedin.com/company/gulfview-developments,waterloo,gulfview developments,ontario,11-50,
canada,,IAlLfQlziunS5QrJxBr2PAEi6W20,construction,linkedin.com/company/construction-brossoit,beauharnois,construction brossoit,quebec,1-10,constructionbrossoit.com
canada,,n35sFsVIDjCVldlTB46JCAtSb6ca,construction,linkedin.com/company/platinum-roofing-ltd-,calgary,platinum roofing ltd.,alberta,11-50,platinumroofing.ca
canada,,2KU6PuRMjex8kKaDaYweZwpU4S0P,construction,linkedin.com/company/serenity-pools-and-hardscapes,east kelowna,serenity pools and hardscapes,british columbia,1-10,spah.ca
canada,2005,zIf8TqJqANOOoc3mBDx55wClJEo1,construction,linkedin.com/company/elite-construction-and-renovations,scarborough,elite construction and renovations,ontario,11-50,elite-construction.ca
canada,,AXoiCH2x1J2pkkbWHG80iwLgwAqI,construction,linkedin.com/company/neosealinc,toronto,neoseal inc.,ontario,1-10,neosealinc.com
canada,,axB89Zjm9mpFAcf4I0CdVQCq9uMM,construction,linkedin.com/company/coast-mountain-tileworks,burnaby,coast mountain tileworks,british columbia,1-10,coastmountaintileworks.com
canada,,l5dGq3jn7R37N83g1SlubwIQQ1Se,construction,linkedin.com/company/macqueen-pipes,london,macqueen pipes,ontario,1-10,macqueenpipes.com
canada,2019,NsAVbWDy3aD2cMB2KRG5XAWQVQ5Q,construction,linkedin.com/company/flooringlondon,london,flooring london,ontario,1-10,flooringlondon.ca
canada,,WwENI5yW0B9N16XnxxwiEQJDEgVI,construction,linkedin.com/company/danova-ltd-,,danova ltd.,,1-10,danova.ca
canada,,MDtiHtleOC9sh4cqHIZE3QRBpzFK,construction,linkedin.com/company/msquaredhomes,toronto,m squared homes inc.,ontario,1-10,msqhomes.com
canada,2010,Bub7CwCiSurFYWDWw9drywXJR7dt,construction,linkedin.com/company/impact-energy-services-ltd-,rosetown,impact energy services ltd,saskatchewan,51-200,impact-energy.ca
canada,2019,dvmRlBpaP9klos7uCUj8eggeQxdz,construction,linkedin.com/company/ksa-permitting-consulting,edmonton,ksa permitting & consulting,alberta,1-10,ksapermitting.ca
canada,2018,eC9dkIOZi6E1nNPzTFQhNAXJwZfz,construction,linkedin.com/company/hmt-solutions,burlington,hmt solutions,ontario,1-10,hmtsolutions.ca
canada,2020,uRjRgudYcPgAZvRO399DqAJzQ57y,construction,linkedin.com/company/hartisa-consulting,wetaskiwin,hartisa consulting,alberta,1-10,
canada,,xBpZkehOaj8nAaLFD4uWbgp3WKbH,construction,linkedin.com/company/alair-homes-kelowna,kelowna,alair homes kelowna,british columbia,1-10,
canada,,g9Zn1xaX7LRoUggvvJdZswzfG0EU,construction,linkedin.com/company/st-jean-et-fils-inc.,léry,st-jean et fils inc.,quebec,1-10,stjeanetfils.com
canada,2017,kIcwHb0m3kweibPR57tHbgMeg0QI,construction,linkedin.com/company/grand-sierra-construction-inc,edmonton,grand sierra construction inc.,alberta,201-500,grandsierraconstruction.com
canada,2016,fKUjU9uYbUog0axgC2NRugYrsbkm,construction,linkedin.com/company/cap-waterproofing-drains,burlington,cap waterproofing & drains,ontario,11-50,capwaterproofing.ca
canada,2022,s5qyfKxIGhb1QLKbb2mB2QgyGS9Q,construction,linkedin.com/company/tricon-projects-ltd,maple ridge,tricon projects,british columbia,1-10,triconprojects.ca
canada,2006,vwGN8lyOLB3xXWEsCrBjyQlep9iM,construction,linkedin.com/company/hyde-house,whitby,hyde house,ontario,1-10,hydehouse.ca
canada,,KuhtGk82OUGryCgeBPBy6APWEjYb,construction,linkedin.com/company/quality-stoves-&-fireplaces-ltd,campbell river,quality stoves & fireplaces ltd,british columbia,1-10,qualitystoves.ca
canada,1982,CKMpIUSDbdrWhNUg7bvWfQgcMluG,construction,linkedin.com/company/bridge-electric-corp,richmond,bridge electric corp,british columbia,51-200,bridgeelectric.com
canada,,SJqcQDdWTUd0BCalIvP1nAG2qODo,construction,linkedin.com/company/aspekt-7-inc,port elgin,aspekt 7 inc,ontario,1-10,aspekt7.com
canada,1985,LmmvzaaZIujt8ALZ6ArjoATkACzV,construction,linkedin.com/company/mps-property-services,markham,mps property services,ontario,51-200,aboutmps.com
canada,2022,YQsCCzCZWckRRfVlxljBCwOf7RBJ,construction,linkedin.com/company/prezidential-welding-services-ltd,calgary,prezidential industrial services inc,alberta,1-10,prezidentialinc.com
canada,,KfB8875tjIi20Lja5Ekmfg7DcMpP,construction,linkedin.com/company/alumtechbond,north york,alumtech bond,ontario,11-50,
canada,2006,sACBMIu6LimMdFdJ5GBMaAtgm9ti,construction,linkedin.com/company/global-roofing-services,mississauga,global roofing services,ontario,1-10,globalroof.ca
canada,1969,MNNgPrl8ksSuVgsIA4PDGQun6Fbm,construction,linkedin.com/company/c&c-construction-group,sarnia,c&c construction group,ontario,11-50,ccconst-eng.com
canada,,GGcPzgESrmFrdi0RtszxBAJdOh7K,construction,linkedin.com/company/thegc,stony plain,the greenovator corp.,alberta,1-10,thegc.ca
canada,1906,4hZI24Upsn3N2beDDTTbaA2nMJJn,construction,linkedin.com/company/pcl-construction,edmonton,pcl construction,alberta,1001-5000,pcl.com
canada,1993,ZCA1IFzVnE3yvf78Ys6BpgJddKhn,construction,linkedin.com/company/petrocorp-group-inc.,thornhill,petrocorp group inc.,ontario,1-10,petrocorpgroup.ca
canada,,20Rs3uFPA4l6WamBHczD7wBE2XaW,construction,linkedin.com/company/aesthetic-concrete,calgary,aesthetic concrete,alberta,1-10,aestheticconcrete.com
canada,1881,UCi13sdBN0edTf2FhZZ1NAE7ztLy,construction,linkedin.com/company/carpenters-union-local-27,vaughan,carpenters' union local 27,ontario,51-200,ubc27.ca
canada,1979,BCIu7R1RLjhoNUXCjU85oAreNWpZ,construction,linkedin.com/company/garden-city-groundskeeping-services-inc,mississauga,garden city groundskeeping services ltd.,ontario,11-50,gardencitygroundskeeping.ca
canada,,WNOlwhsBJBpMozmOY7im8wbV7XMM,construction,linkedin.com/company/ames-real-property-services-inc,toronto,ames real property services inc.,ontario,1-10,amesrealproperty.com
canada,1992,eq6SMxEBR8oK4EWkvRl1oQmqmYbj,construction,linkedin.com/company/csai-canadian-safety-anchor-inspections,oshawa,csai - canadian safety anchor inspections,ontario,11-50,
canada,1996,6FUD947VuoGOYHdwYwZTZw6WLlhh,construction,linkedin.com/company/volkerstevinhighways,calgary,volker stevin highways ltd.,alberta,1001-5000,vshighways.ca
canada,,Pd2HR9pht3VdzJPaliW2agzy0bPU,construction,linkedin.com/company/substratum-inc,toronto,substratum inc.,ontario,1-10,substratuminc.ca
canada,2016,uZypadZP2qSXeZmCyNthIgTiGRKc,construction,linkedin.com/company/les-entreprises-nortec-entretiens-nortec,montréal,les entreprises nortec / entretiens nortec,quebec,11-50,entreprisesnortec.com
canada,,HxJNA98L5wRsVXnu7NpKcQzEvF0G,construction,linkedin.com/company/gisontario,london,green infrastructure services,ontario,11-50,green-infrastructure.ca
canada,2021,lO3qrZImjHFNJ3fIQsTFJwsbO7Pp,construction,linkedin.com/company/gogish,burlington,gogish constrution ltd.,ontario,11-50,gogish.ca
canada,2001,3M9IcPB07xC4yjq8uBfeGA80rEGh,construction,linkedin.com/company/canexcontracting,north vancouver,canex construction,british columbia,11-50,canexcontracting.com
canada,,nnkbGO4dtUsM7PvHj6iV5gWCZkEN,construction,linkedin.com/company/mississauga-flooring,mississauga,mississauga flooring,ontario,1-10,guildcraftfloors.ca
canada,2006,hwZtBrNyupjKSbB1oQ0HrQ3khlU5,construction,linkedin.com/company/paul-davis-ottawa,ottawa,paul davis ottawa,ontario,11-50,
canada,2019,9BRZdXiGuDDgo92bfTCH5wKPU6T9,construction,linkedin.com/company/scout-acoustic-management-ltd,crossfield,scout acoustic management ltd.,alberta,11-50,scoutacoustic.ca
canada,,xSeg3QAgpDvzf2hGam4CcQRN4jDE,construction,linkedin.com/company/mitchell-contracting-co,niagara falls,mitchell contracting,ontario,1-10,mitchellcontracting.co
canada,2008,PmV2X9nRCObTZix9ahA89QrVwpzf,construction,linkedin.com/company/gunner-construction-service,saskatoon,gunner construction,saskatchewan,1-10,gunnerconstruction.ca
canada,,VTb1yBwHkAHz5z8Tu08IWAYnFIvN,construction,linkedin.com/company/helyar-limited,vancouver,helyar limited,british columbia,11-50,
canada,2020,rJCy5DgnD1KBfsDgYyBZZwDJ6M2v,construction,linkedin.com/company/jsl-projects-inc,yellowknife,jsl projects inc,northwest territory,1-10,
canada,2015,CVPHkROR1alrpZ0bA3DBggJTvnBi,construction,linkedin.com/company/launch-property-group-inc,saugeen shores,launch property group inc,ontario,1-10,launchcustomhomes.com
canada,,186xOllEAH8XjkHlc2vLwwF5oZyV,construction,linkedin.com/company/mainline-industries-corp,mississauga,mainline industries corp,ontario,1-10,
canada,2017,LB5NfxPmOArwCIKJKAI3xgBOc4bn,construction,linkedin.com/company/greybruceplumbing,owen sound,grey-bruce plumbing ltd.,ontario,1-10,greybruceplumbing.ca
canada,,mrQJ7gjvtvsFdD6WLsEo4w6SfNEw,construction,linkedin.com/company/pj-roofing,edmonton,pj roofing,alberta,1-10,pjroofing.ca
canada,,6LJ8adb27ygoHqRPjBdN7A783DX5,construction,linkedin.com/company/vibrant-homes-yyc,calgary,vibrant homes yyc,alberta,1-10,vibranthomesyyc.com
canada,2009,6WxcEYzpxwww8usa20W35QLnaLCE,construction,linkedin.com/company/dagmasonry,edmonton,dagmasonry,alberta,11-50,dagmasonry.ca
canada,,MSuhCjj3yBwD2CeOCRzFgwykUI4j,construction,linkedin.com/company/regimen-contracting-corp,victoria,regimen contracting corp.,british columbia,1-10,regimengroup.com
canada,2017,m7YLFjpfWBBUVwzgphpQ5wI4O1Kt,construction,linkedin.com/company/icon-surveys-inc,fort mcmurray,icon surveys group inc.,alberta,1-10,iconsurveys.ca
canada,2016,rz04CrpF47e8dbSGBsIkaAOX81fN,construction,linkedin.com/company/beaton-s-heating-air-conditioning,blackie,beaton's heating & air conditioning,alberta,1-10,beatonsheating.com
canada,,HRF4YcdMJDAsQXH0b7B3RAoT6xoR,construction,linkedin.com/company/sunshine-ventilation,toronto,sunshine ventilation,ontario,1-10,sunshineventilation.com
canada,2011,jaNOCfYomu4R0e6IdSkcCwYUrfOD,construction,linkedin.com/company/kaynicconstruction,grande prairie,kaynic construction,alberta,51-200,kaynic.ca
canada,1998,Hmlshjevt9g5aCvm6gUlGw5lM33N,construction,linkedin.com/company/the-bouchier-group,fort mcmurray,the bouchier group,alberta,501-1000,bouchier.ca
canada,,WdPuACP4dNi30JiECz0NzAsBjiBp,construction,linkedin.com/company/m-&-m-hvac-contractors,toronto,m & m hvac contractors,ontario,1-10,mandmhvaccontractors.ca
canada,2012,SiFbIeTtCKRCHDtdQwt2gQaOApBs,construction,linkedin.com/company/district-23,boisbriand,district 23,quebec,11-50,district23.ca
canada,,6OWphCUoCoZq4aFJ3jLVPg3GgVKh,construction,linkedin.com/company/sdpgp,argentia,sdpgp,newfoundland and labrador,201-500,westwhiteroseproject.ca
canada,2010,FfcfaydD87H0njf3yKSj5wtQ9Ud0,construction,linkedin.com/company/250403-construction,calgary,250403 construction,alberta,1-10,linkedin.com/in/jeff-stoesz-181a8a26
canada,1976,bxZLj2ObwS8kj1nrPsFE9gLAL8Gz,construction,linkedin.com/company/tulissi-construction-ltd.,calgary,tulissi construction ltd.,alberta,11-50,tulissiconstruction.com
canada,2006,jSmdTfg5X9h4mOTZAkVbowsEFXno,construction,linkedin.com/company/park-landscaping,edmonton,park landscaping ltd.,alberta,51-200,parklandscaping.ca
canada,,NOLqVF7HXpBfo9nOX1ApuQvCfzfq,construction,linkedin.com/company/progressive-builders-ltd.,richmond,progressive builders ltd.,british columbia,1-10,progressivebuilders.ca
canada,,RljCFF8jLJPBbVkdEvgymw25e3Mv,construction,linkedin.com/company/ventilabec-inc,laval,ventilabec inc,quebec,51-200,ventilabec.ca
canada,2017,bnbviU7m2JE0qsbuGp26kg60yAYh,construction,linkedin.com/company/pacd-homes-corporation,guelph,pacd homes,ontario,1-10,bluevalleybuilding.com
canada,2018,z3CpkR1YCmi0QUCCRGfobgSayuYB,construction,linkedin.com/company/cbk-electric,etobicoke,cbk electric,ontario,1-10,cbkelectric.com
canada,,dlXhw3B6OqKef3HlC6otGAWzuvpw,construction,linkedin.com/company/ace-integrated-systems,vancouver,ace integrated systems,british columbia,1-10,aceintegratedsystems.ca
canada,,bsllLJ1fi0JBVqsafAM3sA6PESJC,construction,linkedin.com/company/johnson-appleby-painting,toronto,johnson appleby painting,ontario,1-10,
canada,,JMyFPnBK3yW2BYVCpC4NBQEfVmHd,construction,linkedin.com/company/linar-masonry,woodbridge,linar masonry,ontario,1-10,linarmasonry.net
canada,2014,VEz21hTl0ieBKLRGyWBI3gdyMYwc,construction,linkedin.com/company/curtek-project-solutions-inc-,calgary,curtek,alberta,1-10,curtek.ca
canada,,P1O8KMShp5Ir0jZzCsOWCQrh9DjA,construction,linkedin.com/company/halte-gestion-et-construction-inc,gatineau,halte gestion et construction inc.,quebec,1-10,halteconstruction.com
canada,1978,TY14xko8EiaIld8oeamoCQiGoKqG,construction,linkedin.com/company/germano-construction,laval,germano,quebec,51-200,germanoconstruction.com
canada,,UiM8YfsdhKFUhuro0NJjCgurfhBw,construction,linkedin.com/company/pro-claim-restoration-ltd,,pro-claim restoration ltd,,51-200,pcflooring.com
canada,1963,Z0HrBIOCEJl5U1zQyho5XAjG8Znv,construction,linkedin.com/company/métal-laurentide-inc,saint-augustin-de-desmaures,métal laurentide inc,quebec,11-50,metal-laurentide.com
canada,,7YxdGKiAk1d0I2C1F2TilgEKLhPL,construction,linkedin.com/company/larlimited,toronto,lar design build,ontario,11-50,larrefurb.com
canada,2011,yaKwmqSesc665de7ggTSLgqSqB03,construction,linkedin.com/company/avenue-a-design-build,innisfil,avenue a,ontario,1-10,avenue-a.ca
canada,,A7vgDBh9eRzgxwd7ZMY9Dgp8KI9u,construction,linkedin.com/company/service-d'éclairage-r.m.-enr.,shipshaw,service d'éclairage r.m. enr.,quebec,1-10,
canada,,EnJ4CTaPa1Gx6gLzSaydRQfYywIT,construction,linkedin.com/company/ajc-portes-et-fenêtres,nicolet,ajc portes et fenêtres,quebec,51-200,portesetfenetresajc.com
canada,2013,7VdKTr8LCWfbCegVEA1JhgQAtKiy,construction,linkedin.com/company/doneright-construction-renovations,calgary,doneright construction & renovations,alberta,11-50,donerightcr.com
canada,,B9DwLLv3TkuFijgGAr7Q6AzOymdH,construction,linkedin.com/company/xtreme-axis,calgary,xtremeaxis,alberta,1-10,xtremeaxis.com
canada,,doRm4i6axQkNBCVPQxyZPQAWxUPA,construction,linkedin.com/company/bhandal-inc,vancouver,bhandal inc.,british columbia,1-10,bhandaldevelopments.com
canada,,3JCFRTfnvSXOE7XrFU2bRwCX5v3J,construction,linkedin.com/company/gemini-designs-inc,north york,gemini designs inc,ontario,11-50,geminidesignsinc.com
canada,2011,yQpVgyXtkUcSKiVoqNJ3cgVR7xWc,construction,linkedin.com/company/les-grues-gms-inc,orford,les grues gms inc,quebec,1-10,gruesgms.com
canada,2023,PRl99Xyyk9J0WBU1xeEEigxMFVBR,construction,linkedin.com/company/custom-cottage-designs-inc,edmonton,custom cottage designs inc.,alberta,1-10,customcottagedesignsinc.com
canada,,EkjVsd3CrTHrppEU0C6bsA70idab,construction,linkedin.com/company/servicemaster-restore-markham,markham,servicemaster restore markham,ontario,11-50,svmrestore-markham.ca
canada,,5Hvcqf8bkwGU3leJxmjaswTo5d2V,construction,linkedin.com/company/tuscan-woodworks,north york,tuscan woodworks,ontario,1-10,tuscancellars.ca
canada,1996,U77bUSPC8o2X8qTi4kF8jwSpMkrB,construction,linkedin.com/company/klondike-homes-ltd,waterloo,klondike homes ltd,ontario,11-50,klondikehomes.com
canada,,TEBcPCC2B4baR7J6NwlkQQCkbqpm,construction,linkedin.com/company/platinum-home-design-&-renovation,toronto,platinum home design & renovation,ontario,1-10,platinumrenovations.com
canada,2013,d6oLHkqTwTjFX8PEcuXjmwvklxFY,construction,linkedin.com/company/mr-handyman-of-toronto-n-richmond-hill-markham-w,richmond hill,"mr. handyman of toronto n, richmond hill, markham w",ontario,11-50,
canada,,Mhixnpb6bd9NiZaDwDpovQShKB0O,construction,linkedin.com/company/fresh-tubs,regina,fresh tubs,saskatchewan,1-10,freshtubs.com
canada,2016,Xoza0rx76bctaIDui8IE9QEG5kyp,construction,linkedin.com/company/land-pros-inc,vaughan,land-corp inc,ontario,11-50,land-corpinc.com
canada,,dS9CoJF2HZ4N0bWujlB0wAJjIp22,construction,linkedin.com/company/flesher-marble-&-granite,,flesher marble & granite,,1-10,fleshermarble.com
canada,1978,TfBD5M1utGAhWYf4p76PRgjgsdpu,construction,linkedin.com/company/groupe-atlanta-inc,montréal,groupe atlanta inc,quebec,11-50,groupeatlanta.ca
canada,,ZMO2iwqZlPseIZ6LDUjNoQnxYU6F,construction,linkedin.com/company/metrocite,laval,groupe métrocité,quebec,11-50,metrocite.ca
canada,,4uJKBm3xTeKs422RkAKoKA1KRTs7,construction,linkedin.com/company/ch-métropolitain-inc,montréal,ch métropolitain inc,quebec,1-10,chmetropolitain.com
canada,2019,YR4fOKXWz4VUiSATMBCK6ADRqfI0,construction,linkedin.com/company/bellocoinc,sudbury,bello & co inc.,ontario,1-10,belloinc.ca
canada,2020,Xi9MUdx6dtbZjMhJpgHtTAL4Ooq8,construction,linkedin.com/company/staylit-improvements-inc,edmonton,staylit improvements inc,alberta,1-10,staylitimprovements.ca
canada,,cnBfCnCC7CIafGmY5CSoowRc4rmP,construction,linkedin.com/company/les-habitations-amd-inc,l’île-perrot,les habitations amd inc.,quebec,1-10,leshabitationsamd.ca
canada,,XQhMtw3yB3Cn7DSNEtHskAgLwozd,construction,linkedin.com/company/buchanan-restoration-and-contracting-inc.,kincardine,buchanan restoration and contracting inc.,ontario,1-10,waterdamagerepairkincardine.com
canada,,B93itV1kRe8gLjZZdKwyKALPH2g8,construction,linkedin.com/company/constructions-rmr-leblanc,châteauguay,constructions rmr leblanc,quebec,1-10,lesconstructionsrmrleblanc.com
canada,2001,9h9ByXlPjg1g3dx63pormgeYxjnb,construction,linkedin.com/company/wproofs,innisfil,wheaton & porter roofing,ontario,11-50,wproofs.ca
canada,1989,UHXYny4DWFfWmC5mfzCY5AnGApXk,construction,linkedin.com/company/randal's-wrought-iron-&-stained-glass,toronto,randal's wrought iron & stained glass,ontario,1-10,randalswroughtiron.com
canada,,7ELlN8oHY7uI5CywosZW3gUzjwNi,construction,linkedin.com/company/denoco-energy-systems,,denoco energy systems,,1-10,denoco.com
canada,2022,uI36FDlsHMGaOBvzoyT5CA005AYU,construction,linkedin.com/company/cdrobowipe,north york,cdrobowipe,ontario,1-10,
canada,2021,f1D047sRZ0iuqQqvbua1KAY3x45f,construction,linkedin.com/company/skillsun,thunder bay,skillsun,ontario,11-50,skillsun.com
canada,2006,2sM34YYz7SsAyR3NL1NZfgwI0y9x,construction,linkedin.com/company/square-feet-construction,calgary,square feet construction,alberta,1-10,squarefeet.biz
canada,1991,j0xv9ubM2OJvvw9Fal6W7wigQaPu,construction,linkedin.com/company/cra-constructions-richard-arsenault,quebec city,constructions richard arsenault inc.,quebec,11-50,crainc.ca
canada,1911,piObhjjJnSBBGNgYnwpj1wd0Vzhn,construction,linkedin.com/company/miners-construction-co-ltd-,saskatoon,miners construction co. ltd.,saskatchewan,51-200,minersconstruction.com
canada,2008,ndzLxmpjk6Ekq8KW6qVtFguSnKfK,construction,linkedin.com/company/startsafetraining,kingston,startsafe: training & consulting,ontario,1-10,startsafetraining.com
canada,,2YVYwh3xd4MWNmGn0lXDywREftRN,construction,linkedin.com/company/tkcs-innovations,edmonton,tkcs innovations,alberta,1-10,tkcsinnovations.com
canada,1981,c7jQXCtaOV8vVSNWKgDqgAyabKRo,construction,linkedin.com/company/keystone-excavating-ltd-,,keystone excavating ltd.,,1-10,ourlifeisdirt.com
canada,1963,QkAkzIKhNN7yU4GvqBeyKABF7fka,construction,linkedin.com/company/devitt-forand-contractors-inc,calgary,devitt & forand contractors inc.,alberta,11-50,
canada,,aESNBYIWquCm3tgqwLW1VgDGbDoH,construction,linkedin.com/company/damasio-drywall,toronto,damasio drywall,ontario,11-50,damasiodrywall.com
canada,,YxJMsrqEimPvxwPvuEtREwqwUn2e,construction,linkedin.com/company/maple-ridge-carpet-one,maple ridge,maple ridge carpet one,british columbia,1-10,mapleridgecarpetonemaple.com
canada,2021,NtjCKJxYD3xTqZcIvVbxcgKBDbgx,construction,linkedin.com/company/gestiondeprojetcc,shawinigan,gestion de projet cc,quebec,1-10,
canada,,BCTGwBTZVjgcTORt79EoBw6hjrxc,construction,linkedin.com/company/millennium-woodworking-inc,ajax,millennium woodworking inc,ontario,1-10,millenniumwoodworking.ca
canada,2007,bi2XlDyWFGvBuqeFCXLQtQgUklZx,construction,linkedin.com/company/cantera-management-group,langley,cantera management group,british columbia,11-50,canteragroup.com
canada,1994,T47bqAd5FoSUIysnH7egqANRmleP,construction,linkedin.com/company/lawn-n-order-custom-landscapes,winnipeg,lawn 'n' order custom landscapes,manitoba,11-50,lawnnorder.ca
canada,,7jiF3izsOrm74MiKNmieIgOBluGN,construction,linkedin.com/company/altona-group,scarborough,altona group,ontario,1-10,altonahomes.ca
canada,2007,Q2lAZpnueNCPuG60gkY7BgH6TCQs,construction,linkedin.com/company/gestion-dmj-management,chelsea,gestion dmj management,quebec,11-50,gestiondmj.ca
canada,,i1OaTxIQ1bZlDvaSqmBYjQcjg426,construction,linkedin.com/company/mountain-street-plumbing-heating,calgary,mountain street plumbing & heating,alberta,1-10,moutainstreetplumbing.com
canada,,LZS7c11ANaC1Cmm7IABycQ7xKlHo,construction,linkedin.com/company/birmingham-construction-2002-ltd,perth,birmingham construction (2002) ltd.,new brunswick,1-10,
canada,,UB10C2c9pVZxMqJvWk9kLg0xaLet,construction,linkedin.com/company/groupe-constructech-inc,quebec city,groupe constructech inc.,quebec,11-50,groupeconstructech.com
canada,,cNQu1gQtPCbC7g0sFgDrPgqDZ9Xr,construction,linkedin.com/company/orillia-glass-&-mirror-ltd,orillia,orillia glass & mirror ltd,ontario,1-10,orilliaglass.com
canada,2010,Jbmn4lO7p0CC0OV2HK5FWgC5XCgv,construction,linkedin.com/company/scope-gap-contractors-inc,london,scope gap contractors inc.,ontario,11-50,scopegap.ca
canada,2013,CTBo71juPumwgVDturv2HAl75wn9,construction,linkedin.com/company/pemadale-construction,calgary,pemadale ltd.,alberta,1-10,pemadale.com
canada,2011,3YOJr1RBHyuG1z6DBn5Okw2pq3o0,construction,linkedin.com/company/chief-contractors-inc-,nisku,chief contractors inc.,alberta,11-50,chiefcontractors.com
canada,,yO0uc1gztp9HmhrUBIqsfArMCP4s,construction,linkedin.com/company/sdr-electric-plumbing-heating-inc,north augusta,"sdr electric, plumbing & heating inc.",ontario,1-10,
canada,2014,CW3COmYKWTA9QyPBvuisVQFXETr7,construction,linkedin.com/company/go-home-contracting,ottawa,go home contracting,ontario,11-50,gocontracting.ca
canada,2021,9UP55QkBtJ5X7qKocIO8NQAYPK36,construction,linkedin.com/company/plumbing-by-pram,toronto,plumbing by pram,ontario,1-10,
canada,,G9gCoA2mEkq0roP6fyjvYACLpqnd,construction,linkedin.com/company/ed-groen-contracting,grand valley,ed groen contracting,ontario,1-10,edgroencontracting.com
canada,2014,vd0zMJw1vrsCbCIil2lergTK8KpG,construction,linkedin.com/company/skyscapes-urban-outdoor-flooring,etobicoke,skyscapes outdoor flooring,ontario,11-50,
canada,2004,mqe5T5qPyJdiCkwUhUJqkA9Ex86m,construction,linkedin.com/company/class-a-heating-and-air-conditioning-ltd,chilliwack,class a heating and air conditioning ltd,british columbia,1-10,classaheating.ca
canada,2006,ejJWdIcxFedkbXCLPWRy9AkkQLOk,construction,linkedin.com/company/dovetail-pm-inc.,calgary,dovetail pm inc.,alberta,1-10,dovetailpm.ca
canada,1985,5eJOK3qYQNESv5ENeBP1GATzLeDH,construction,linkedin.com/company/jasmine-construction,victoria,jasmine construction,british columbia,1-10,
canada,,Mz5vWTDCUVZnyxO2vwTpXg6b3JN5,construction,linkedin.com/company/saw-dogs,aylmer,saw dogs,ontario,1-10,sawdogs.ca
canada,2017,2h0FlGDlXgR1fmLddO3WdQfalvHa,construction,linkedin.com/company/antler-electrical-services-ltd,sherwood park,antler electrical services ltd.,alberta,1-10,antlerelectrical.com
canada,1989,qvzsJ7GT3L2vKxn6yTjeXgzFDSrY,construction,linkedin.com/company/selco-elevators-ltd,pickering,selco elevators ltd,ontario,51-200,selco.ca
canada,2013,V7DAUifzlEQ3V0BBCoWSjw2Zrd6o,construction,linkedin.com/company/connect-fall-protection-ltd-,nisku,connect group inc.,alberta,11-50,connectgi.com
canada,2022,foqWZ3aZeFz2UyAHx0HuXgPvI0z9,construction,linkedin.com/company/pinnacle-demolition-and-environmental-inc,kitchener,pinnacle demolition and environmental inc,ontario,1-10,pinnacledemolition.ca
canada,,rPnC2FidGmRDFgBCXHryOAUn2KUi,construction,linkedin.com/company/prospec-chemicals-ltd,oakville,prospec chemicals ltd,ontario,1-10,
canada,2017,MDPBxjmF7wGel7Gs5ungswOpWWxJ,construction,linkedin.com/company/citiconstruction,hamilton,citi construction services inc.,ontario,1-10,citiinc.ca
canada,2004,erxRCmgneN5BWLPwjV7wCAyWE6M7,construction,linkedin.com/company/elite-restorations,oshawa,elite general contracting design/build,ontario,1-10,elitegencon.ca
canada,2018,fwlAQGzcQLxkCgZxNKYqEgHExLFW,construction,linkedin.com/company/renfrow-construction-and-design,east kelowna,renfrow construction and design,british columbia,1-10,renfrowconstructiondesign.ca
canada,2022,XBDFwjobwIYB8j0m9xWnGAsv8k4Q,construction,linkedin.com/company/ark-joinery-and-general-contracting,whitefish,ark joinery and general contracting,ontario,1-10,arkjoinerycontracting.com
canada,,qBbwhLtS2JFWLDWWpvnJxwlCyHRl,construction,linkedin.com/company/acualia-infraestructuras-de-mexico-s.a.-de-c.v.,buchanan no. 304,"acualia infraestructuras de mexico, s.a. de c.v.",saskatchewan,11-50,
canada,,4v3zDPKkBfcaQGI7X98pBglPehr3,construction,linkedin.com/company/apex-construction-specialties,mount pearl park,apex construction specialties,newfoundland and labrador,1-10,apexconstructionspecialties.com
canada,2017,kygDNfdA4hLfsoPbaCztowM2xa8F,construction,linkedin.com/company/warm-cozy-cozy,toronto,warm cozy cozy,ontario,1-10,warmcozycozy.com
canada,,cw3lr5sTq107IEigh5BBPQ282da8,construction,linkedin.com/company/kiley-paving,kingston,kiley paving ltd,ontario,11-50,kileypaving.com
canada,2013,m35gqHlmzZyCi3JtJCNIsguSIHRQ,construction,linkedin.com/company/firmbuilt-contracting-and-design,mississauga,firmbuilt contracting and design,ontario,1-10,firmbuilt.ca
canada,1971,A3HiHY9ZBPrBQREeEClBawrjlfvG,construction,linkedin.com/company/quigleyelectric-ltd,okotoks,quigley electric ltd.,alberta,11-50,quigleyelectric.com
canada,,kg9qnzWFuGl0ar6TVxYeswXWfMpk,construction,linkedin.com/company/zorzitec-fan-coil-service-inc,concord,zorzitec fan coil service inc.,ontario,11-50,zorzitec.com
canada,,bUmxTyBUEyuUVvVpahLJuArcGX65,construction,linkedin.com/company/wheelwright-construction-inc,weston,wheelwright construction inc,ontario,11-50,wheelwrightgroup.com
canada,2010,MZIRj2paB17oMEt07hK7nAXXeA2O,construction,linkedin.com/company/the-handyforce,east york,the handyforce,ontario,11-50,thehandyforce.com
canada,,oF8lCkbVwVULGnSnbfagCAvCEDpL,construction,linkedin.com/company/epochsolutions,st. john's,epoch solutions inc.,newfoundland and labrador,1-10,epochsolutions.ca
canada,2021,FuCXQ9B6BDWo3IzOglCiJAG5dhDs,construction,linkedin.com/company/west-end-connectors-construction,mississauga,westend connectors construction,ontario,201-500,
canada,1995,jckFGWHIa993PKM5hThOBAHwi88s,construction,linkedin.com/company/whitestone-developments,halifax,whitestone building and renovations,nova scotia,11-50,whitestonedevelopments.ca
canada,1999,VoW74EAewDF95adEC3nJCQMw2A1R,construction,linkedin.com/company/hydrowest-scaffolding-part-of-agf-access-,richmond,hydro-rents by brandsafway,british columbia,5001-10000,hydro-rents.com
canada,,6Vkr8CddQ8fAoDBSBicobwBmMvQq,construction,linkedin.com/company/annapolis-maintenance-services,cornwallis,annapolis maintenance services,nova scotia,1-10,
canada,,MC3CjitWEzok0F2tp5JbjQDF49WM,construction,linkedin.com/company/hansen-technical-services-inc-,burlington,hansen technical services inc.,ontario,1-10,hansentechnical.com
canada,2011,5lLnF7ljg4RjNG8Str1d7QF0xD96,construction,linkedin.com/company/avataa-explorations-and-logistics-inc.,kuujjuaq,avataa explorations and logistics inc.,quebec,1-10,avataa.ca
canada,,CTGFDtNl0nku5QTCClpekguvjNH3,construction,linkedin.com/company/rehoboth-electrical-services,,rehoboth electrical services,,1-10,resinc.ca
canada,,x02VPWB90QfJEh713UlIXwzO1GX4,construction,linkedin.com/company/proalta-services-inc,calgary,proalta services inc,alberta,1-10,proaltaservices.ca
canada,,aw8wFmRW6kc6D182m1fg5wHxtP8Y,construction,linkedin.com/company/specialistes-ava-inc,boucherville,specialistes ava inc,quebec,1-10,
canada,,1BKwIhXuiZ6zucbsczKFLQMwwMZF,construction,linkedin.com/company/planware-limited,sudbury,planware limited,ontario,1-10,
canada,,8O7Edn7bMGyNlXynezArFQ8gPohA,construction,linkedin.com/company/the-grounds-guys-barrie,barrie,the grounds guys of barrie,ontario,11-50,groundsguys.ca
canada,2013,X4Ebj1qfXIT4RcuSJLa7twCuUTcN,construction,linkedin.com/company/tc-construction-canada,toronto,tc construction,ontario,1-10,tcconstruction.ca
canada,,CTULyrZzaX4C7GqJCKVdiQzebIYF,construction,linkedin.com/company/lider-general-construction-1994-ltd-,london,lider general construction (1994) ltd.,ontario,1-10,
canada,2009,Ql3pafs9enU35jTA71HIrwbJzwsY,construction,linkedin.com/company/de-groot-laser-grading,virgil,george de groot laser grading & excavating,ontario,1-10,degrootlasergrading.com
canada,1999,PQBZ2BLfShsdCpO6GJRaiAYal6yF,construction,linkedin.com/company/ecolog-homes,saanichton,ecolog homes,british columbia,1-10,ecolog-homes.com
canada,1967,xjG8CFG72WeRC9NMNVwnMwoNl2e8,construction,linkedin.com/company/o'reilly-brothers-ltd,ottawa,o'reilly brothers ltd,ontario,11-50,oreillybrothers.com
canada,,9gon9FGgN7R0dr5CmBaozAg6DCXr,construction,linkedin.com/company/ljh-construction-ltd,burnaby,ljh construction ltd,british columbia,51-200,
canada,2014,Ud7kNHEGd4PDTpJ5ZfFdiQkfFQTx,construction,linkedin.com/company/quadcore-company,edmonton,quadcore company,alberta,11-50,quadcore.ca
canada,2017,t3GNEBzskHJJwgZiDbsVWQN2MVYH,construction,linkedin.com/company/alumsix,toronto,alumsix,ontario,1-10,alumsix.com
canada,1987,ocpbMQPm8S7e6KWmBs69vQGrtEGe,construction,linkedin.com/company/warlyn-construction,ottawa,warlyn construction ltd,ontario,11-50,warlyn.com
canada,,j7MqCnfKTR4EDiXmFWERKgyhQ5KC,construction,linkedin.com/company/handybros-climatecare,blenheim,handybros. home comfort,ontario,11-50,handybros.com
canada,2007,rbMw8fUpD1hfSJ4Gs9N92Ae7GmSw,construction,linkedin.com/company/meridian-construction-inc-,etobicoke,meridian construction inc.,ontario,11-50,meridianconstruction.ca
canada,1990,xGQgGsdGdGEgfBxjMScoJAivNUg4,construction,linkedin.com/company/monalt-environmental-inc,toronto,monalt environmental inc.,ontario,11-50,monaltenvironmental.com
canada,,UHGCpDhZ251U36WYMzVm8AigQCIZ,construction,linkedin.com/company/true-fire-protection-inc,ajax,true fire protection inc,ontario,1-10,truefireprotection.ca
canada,,pxLZ2zBCOdq7tGp3BcfVXwudh5V3,construction,linkedin.com/company/sciage-et-forage-de-béton-du-fjord,saguenay,sciage et forage de béton du fjord,quebec,11-50,sciageforagebetonfjord.com
canada,,jXGQzNtYN2MrHtN2YJZ0PgOe8ZUE,construction,linkedin.com/company/les-toitures-régionales-inc-,alma,les toitures régionales inc.,quebec,11-50,scieriemartel.com
canada,1975,5vaWqwX4WUgtCy5Q4lpFAQslmKp7,construction,linkedin.com/company/olar-limited,toronto,olar limited,ontario,11-50,olar.on.ca
canada,2002,aOWLljMk2EMEN7j4rSH2oAnxZYIP,construction,linkedin.com/company/lasting-oak,markham,lasting oak,ontario,51-200,lastingoak.com
canada,,EevzjyJw1sCZlV74Hb9TtwPHyHJi,construction,linkedin.com/company/winmar-yorkton,yorkton,winmar® property restoration specialists – yorkton,saskatchewan,1-10,winmaryorkton.com
canada,1971,tG3rZSJAS6fGm8IGSF8ulgbqcYGn,construction,linkedin.com/company/ramma-foundation-repair,onoway,ramma foundation repair,alberta,1-10,rammafoundationrepair.ca
canada,1993,Q68VC1srH1GOJgT49WvCGgOLfTtr,construction,linkedin.com/company/jakes-construction-ltd,chilliwack,jakes construction,british columbia,51-200,jakesconstruction.ca
canada,2012,6XUpEzCbBr83RMTlL07TtwC3Bf0v,construction,linkedin.com/company/lrb-hardwood-flooring-inc-,edmonton,lrb hardwood flooring inc.,alberta,1-10,lrbhardwood.com
canada,1975,8ktHIyhmVws8Vp8tr2nMlgICDDm2,construction,linkedin.com/company/vantagebuilders,vegreville,vantage builders ltd.,alberta,51-200,vantagebuilders.ca
canada,2003,xXGePj5G8nXgXMNHp5XHCQ9tVx74,construction,linkedin.com/company/aden-earthworks,toronto,aden earthworks,ontario,51-200,adenearthworks.com
canada,2015,UjT83QceC47U4P2ajbOyGAQ7qEkd,construction,linkedin.com/company/true-built-properties,calgary,true built properties,alberta,1-10,truebuiltproperties.com
canada,2016,mbRrhnne2VWOXrBEKdgoEAe7oNtD,construction,linkedin.com/company/essentialconstruction,vancouver,essential construction,british columbia,11-50,essential.construction
canada,1999,QkvQnLIbiCeHHIe6x0vjnwHHzmMn,construction,linkedin.com/company/unlimited-building-solutions,pickering,unlimited building solutions,ontario,11-50,unlimitedbuilding.com
canada,1975,VI7vjJs3t8uf9Jpb5BNR6gnKHnlT,construction,linkedin.com/company/a-d-fire-protection,scarborough,a/d fire protection systems,ontario,11-50,
canada,2005,VsbIC3Q6DYUejHMzoCcUyARvfkhu,construction,linkedin.com/company/metro-concrete-restoration,burnaby,metro concrete restoration,british columbia,11-50,
canada,2017,0ZJjYQQG4J91PskjsfSHmQd5piLI,construction,linkedin.com/company/canadian-pump-solutions,nisku,canadian pump solutions - still 100% canadian owned and operated,alberta,11-50,canadianpump.com
canada,,ior7OjR4v1c9MphRX6oLGQzrIzyX,construction,linkedin.com/company/stakk-ventures,toronto,stakk ventures,ontario,11-50,stakk.ventures
canada,,ueMap29MH7qIuRBgFhP7hAjn29vD,construction,linkedin.com/company/r-prézeau-&-fils-ltée,deux-montagnes,r. prézeau & fils ltée,quebec,1-10,plomberieprezeau.ca
canada,1997,XCoX1i6pEJWYcBJ2FarCiAHj4tOo,construction,linkedin.com/company/montgomery-power-management-inc-,canmore,montgomery power management inc.,alberta,11-50,mpminc.ca
canada,1992,nisGDcX0dyIDpN4Kp31owQ8NJLFr,construction,linkedin.com/company/leeswood-design-build-ltd.,mississauga,leeswood design build ltd.,ontario,11-50,
canada,2020,MKcJqwhxtb1EhN6M0JxEqgZSU9Im,construction,linkedin.com/company/mt.-brydges-karate,london,saker electrical services,ontario,1-10,saker.ca
canada,2017,uMk57AyL3vwnDDthwnhgwgUiE2Qx,construction,linkedin.com/company/cwindows,burlington,c windows ltd.,ontario,1-10,cwindows.ca
canada,2011,ftBEXtCA2QLPd8ZKzNLLAQ5tKRIq,construction,linkedin.com/company/dbcontractingottawa,plantagenet,db contracting,ontario,11-50,dbcontracting.net
canada,1953,CzhN82hp3ZuGE6OCSH8ryQwLzUZB,construction,linkedin.com/company/mccannredimix,dashwood,mccann redi-mix inc.,ontario,51-200,mccannredimix.ca
canada,1995,ZwvyuM1GwBevNaMJofD7jQSZ3DoO,construction,linkedin.com/company/inland-industrial-supply-ltd-,edmonton,inland industrial supply ltd.,alberta,11-50,inlandindustrial.com
canada,,ESBb7Bk8gLBQrSJm2KuJ7ARVMARp,construction,linkedin.com/company/taunton-pools,oshawa,taunton pools,ontario,1-10,tauntonpools.com
canada,2013,xx4mSVF5Pt1F3yNBg5TmjAM2dw5H,construction,linkedin.com/company/tc-floors-west,winnipeg,tcf west inc,manitoba,11-50,tcfwest.ca
canada,1980,tyLXimA5vGKVLLGWJz310AImkzTP,construction,linkedin.com/company/bois-expansion-inc-,montréal,bois expansion inc.,quebec,51-200,boisexpansion.com
canada,1994,FfU9HvS7ndqZA965uIMLQgaYGaig,construction,linkedin.com/company/global-precast-inc-,maple,global precast inc.,ontario,51-200,globalprecast.com
canada,1989,iFG6LNek13SWB9BDf9k0HQVRz0tE,construction,linkedin.com/company/solar-roofing-&-sheet-metal-ltd,toronto,solar roofing & sheet metal ltd,ontario,11-50,solarroofing.ca
canada,1988,qgJloUhyw6LsyBYOLpMZEgBWXo2B,construction,linkedin.com/company/hygraderoofing,guelph,hy-grade steel roofing system,ontario,51-200,hygraderoofing.com
canada,1999,D6WGTGtdHXqvND2vplG5CwCtrUHI,construction,linkedin.com/company/lacey-developments-limited,mission,lacey developments ltd.,british columbia,11-50,laceydevelopments.com
canada,2014,fk4PqSrCQkoVEsFyAgnxZAFh7EB0,construction,linkedin.com/company/wescon-consulting,ottawa,wescon consulting,ontario,1-10,wesconconsulting.ca
canada,,bjKdK1CSthWSQQSAnGeUJQfJj78F,construction,linkedin.com/company/john’s-eavestrough-service,coldstream,john’s eavestrough service,british columbia,1-10,johnseavestrough.ca
canada,,4kxbCmwP85ISxaaOXbCrtAeAQjzw,construction,linkedin.com/company/bold-deck-designs,london,bold deck designs,ontario,1-10,bolddeckdesigns.com
canada,2017,gFDZCUlOjPKG87Cu7EVp4QKNqzAf,construction,linkedin.com/company/hyperconinc,london,hypercon inc.,ontario,1-10,hypercon.ca
canada,2019,hXfBIfQHS6u1aoecl7bxAARfyJPS,construction,linkedin.com/company/construction-quatrium-inc,montréal,construction quatrium inc,quebec,11-50,quatrium.ca
canada,2013,oDAN02qRsFkRh04QyJJ6DQLArR9T,construction,linkedin.com/company/main-street-plumbing-ltd,vancouver,main street plumbing ltd,british columbia,1-10,mainstreetplumbing.ca
canada,1952,V94NnQzzd9BrjH1MkdKuVArU6uPa,construction,linkedin.com/company/gazzola-paving-limited,toronto,gazzola paving limited,ontario,51-200,gazzolapaving.com
canada,1991,9jizMREo2zv6S7LUpGhfBAA4C29p,construction,linkedin.com/company/cedar-log-structures,bancroft,cedar log structures,ontario,1-10,cedarlogstructures.com
canada,1994,W1vDRE50tFnlJ2EZ9IB5OwKPcLaE,construction,linkedin.com/company/technicore-underground,newmarket,technicore underground,ontario,201-500,technicore.ca
canada,2021,pg4eczkBeYNg8xFhGa57KwZamyNW,construction,linkedin.com/company/excavation-hebr,mont-saint-hilaire,excavation hebr,quebec,1-10,hebr.ca
canada,,bceqCT926twzch7CZ9kpLgKLnaLd,construction,linkedin.com/company/build-simple,mississauga,build simple,ontario,1-10,buildsimple.ca
canada,1990,fkdBoBCBmmLDO3TqoXxAJA4Oy5ZQ,construction,linkedin.com/company/natural-landscape-group-inc-,burlington,natural landscape group,ontario,11-50,naturallandscapegroup.com
canada,,AdbHw6UYHjtv0Fo47ZQmkQSXGYRy,construction,linkedin.com/company/interior-store-display,kitchener,interior store display,ontario,11-50,interiorstoredisplay.com
canada,2016,OmAA3KPdnF4f43mFW5gBNQNY6qNu,construction,linkedin.com/company/protec-rope-access,north vancouver,tatras group.,british columbia,11-50,tatrasgroup.com
canada,,CFopxm3kgzl0HZCOiq4mMAO0vJ7O,construction,linkedin.com/company/l-b-manufacturing-inc-,dieppe,l.b. manufacturing inc.,new brunswick,11-50,defendercab.com
canada,2013,hrYCB4CsLbCVUZnhqVwOkw4B9x5N,construction,linkedin.com/company/steinbuild-limited,toronto,steinbuild limited | construction managers,ontario,1-10,steinbuild.ca
canada,2022,trWsr6Bt8CMg5ArPnxYNUgGlqVUl,construction,linkedin.com/company/petroflex-petroleum-contracting,falmouth,petroflex petroleum contracting,nova scotia,1-10,
canada,1986,2SagMqIoyjS47B3CChkIlwjI0oI6,construction,linkedin.com/company/tphinc,ottawa,tph plumbing & heating,ontario,11-50,tphinc.ca
canada,1979,MMT60gayBBiId18AAGu01gDvIIJV,construction,linkedin.com/company/duo-building-ltd-,london,duo building ltd.,ontario,11-50,duobuilding.com
canada,,F1jYrknAgz32xSlF7LkBMwPDCxVQ,construction,linkedin.com/company/ridge-elevator-co,maple ridge,ridge elevator co.,british columbia,1-10,ridgeelevator.ca
canada,,vdeevymvw81odcfp7YkiywbfRIew,construction,linkedin.com/company/dalgo-electric,,dalgo electric,manitoba,1-10,dalgo.ca
canada,1992,n4UxO1m5AnB3H7GaKCcLxwS5HRr0,construction,linkedin.com/company/dickson-equipment,burlington,b.r. dickson equipment,ontario,1-10,dicksonequipment.com
canada,,KOhCmgo9SGJFTcx0inCPWgok3ReC,construction,linkedin.com/company/industries-andré-inc,vaudreuil-dorion,industries andré inc,quebec,1-10,indandre.com
canada,,B7MJKZhBGreu1KDpXVCQXQBh8Myz,construction,linkedin.com/company/plancher-design,saint-jérôme,plancher design,quebec,1-10,plancherdesignqc.ca
canada,2007,UaqsEFqGOBL1bCnDPDHbngWdwnI4,construction,linkedin.com/company/construction-jymax,mascouche,construction jymax,quebec,11-50,constructionjymax.com
canada,,TRRrVG9tBCupEBlLuOADwAKLif9O,construction,linkedin.com/company/zepto-contracting-ltd,vancouver,zepto contracting ltd,british columbia,1-10,zeptoasbestos.ca
